,high_ast
0,Lars2
1,Apoe
2,Gfap
3,mt-Cytb
4,Vim
5,Prdx6
6,Dbi
7,Cpe
8,Pea15a
9,Fth1
10,Ckb
11,Mt1
12,mt-Nd1
13,Clu
14,mt-Co1
15,Actb
16,Cnn3
17,Cst3
18,Gpm6b
19,Ntrk2
20,Eef1a1
21,Gja1
22,mt-Nd5
23,mt-Nd4
24,Sparc
25,Pla2g7
26,Scd2
27,Tmsb4x
28,Ctsb
29,Cd81
30,Tspan3
31,Slc1a3
32,Mlc1
33,mt-Nd2
34,Ednrb
35,Mt3
36,Tuba1a
37,Ccng1
38,Ywhae
39,Tmem47
40,Psap
41,Itm2b
42,Laptm4a
43,Lamp1
44,Prdx1
45,Serpine2
46,Hspa8
47,Gnai2
48,Igfbp5
49,Atp5b
50,Gpm6a
51,Timp2
52,Tspan7
53,Atp5a1
54,Ddx5
55,Zbtb20
56,Calm1
57,Nfia
58,Eef2
59,Aldoc
60,Sparcl1
61,Eif4g2
62,Itm2c
63,Fads2
64,Skp1
65,Hsp90ab1
66,Qki
67,Lyz2
68,Fabp7
69,Ugp2
70,Canx
71,Glud1
72,A2m
73,Lamp2
74,Ctsd
75,Ppp2ca
76,Rab31
77,Atp1b2
78,Ptn
79,Hnrnpa2b1
80,Ephx1
81,Aldoa
82,Ccnd2
83,Fhl1
84,Rcn2
85,Ddah1
86,Cdc42
87,Ldhb
88,Ctsl
89,Ndfip1
90,Plpp3
91,Nedd4
92,Ghitm
93,Pygb
94,Rpl4
95,Slc25a4
96,Asrgl1
97,Abhd4
98,Sox9
99,Ndrg2
100,Atp1a2
101,Slc25a3
102,Mtpn
103,Itgb1
104,Hnrnpk
105,Gdi2
106,Oat
107,Gstm1
108,Aplp2
109,Marcks
110,Cd63
111,Dhrs1
112,Cfl1
113,Vdac1
114,Prkar1a
115,Aqp4
116,Slc25a5
117,Prnp
118,Nfix
119,Hspa5
120,Capza2
121,Dazap2
122,B2m
123,Serinc1
124,Maged1
125,Tmem59
126,Plekhb1
127,Syt11
128,Myo10
129,Nckap1
130,Selenof
131,Nfe2l2
132,Rtn1
133,Spacdr
134,Anxa5
135,Macf1
136,Fads1
137,Sfxn5
138,Septin7
139,H3f3b
140,Rps2
141,Atp1b1
142,Dstn
143,Rtn3
144,Gpr37l1
145,Cdh2
146,Ecrg4
147,Anxa2
148,Hacd3
149,Tmbim6
150,Ptprs
151,S1pr3
152,Sdcbp
153,Tcf4
154,Gnb1
155,Sdc2
156,Hmgcs1
157,Dag1
158,Igfbp2
159,Rac1
160,Eif4a2
161,Sh3bgrl
162,Id4
163,Rps4x
164,Snx3
165,Hnrnpu
166,Ssr3
167,Rpl3
168,Arf4
169,P4hb
170,Sox2
171,Rplp1
172,Tpt1
173,Ckap5
174,Mat2a
175,Abca1
176,Rplp0
177,Eif5
178,Add3
179,Ttyh1
180,Pfn2
181,Rab10
182,Fermt2
183,Reep5
184,Sdc4
185,Pkm
186,Cox4i1
187,Serinc3
188,Sdha
189,Rpl7
190,Gapdh
191,Ddr1
192,Atxn10
193,Cox8a
194,Hspa9
195,Ywhaz
196,Eif1
197,Bsg
198,Atp1a1
199,Msn
200,Tm9sf3
201,Rps3
202,Cnbp
203,Rab6a
204,Acsbg1
205,Ccn1
206,Ldha
207,Fez1
208,Tmem30a
209,Atp5pb
210,Tsc22d1
211,Hsbp1
212,Ybx1
213,Akr1a1
214,Rab14
215,Cryab
216,Hsp90aa1
217,Acadm
218,Mlf2
219,Vcam1
220,Pdia3
221,Lgals1
222,Mdh1
223,Arl6ip1
224,Arl8a
225,Abcd3
226,Fat1
227,Hspb8
228,Atp5g3
229,Prdx2
230,Mmd2
231,Ak3
232,Tax1bp1
233,Rbm39
234,Tmed7
235,Id2
236,Atp5c1
237,Vps35
238,Sox4
239,Fstl1
240,Gpx1
241,Actg1
242,Mapre1
243,Arpc2
244,Rbbp7
245,Ncl
246,Zfp706
247,Rps14
248,Nek6
249,Ubb
250,Ube2d3
251,Cs
252,Ppp2r1a
253,Eif5a
254,Cyb5b
255,Arhgap5
256,Rnf13
257,Hsp90b1
258,Ppia
259,Idh2
260,Nudt4
261,Cd9
262,Slc3a2
263,Rab18
264,mt-Nd6
265,Hmgn1
266,Rab2a
267,Rbbp4
268,Uqcrfs1
269,Pdia4
270,Cyb5r3
271,Csnk1a1
272,Elovl5
273,Cbx5
274,Psat1
275,App
276,Chst2
277,Ptpra
278,Pebp1
279,Caprin1
280,Ptprz1
281,Lxn
282,Txnrd1
283,Csdc2
284,Cd164
285,Ctnna1
286,Hepacam
287,Rhoa
288,Sptbn1
289,Capzb
290,Tpm1
291,Rtn4
292,Rab7
293,9530068E07Rik
294,Acox1
295,Spcs2
296,Sirt2
297,Serp1
298,Bzw1
299,Slc39a12
300,Igfbp3
301,Map1lc3b
302,Srrm2
303,Saraf
304,Golph3
305,Cav2
306,Mdh2
307,Idh3a
308,Tubb5
309,Pabpc1
310,Ywhab
311,Oxct1
312,Paip2
313,Gmfb
314,Ppp1cb
315,Grina
316,Gpc4
317,Crip2
318,Wdr1
319,Paics
320,Ahcyl1
321,Fkbp1a
322,Rps9
323,Rpl8
324,Agpat3
325,Rps5
326,Gsn
327,Selenow
328,Hspa4
329,Hdgf
330,H2-D1
331,Ddit4l
332,Cald1
333,Nfib
334,Serbp1
335,Atp6v1a
336,Cox6a1
337,H2-K1
338,Hibadh
339,Sec62
340,Dnaja1
341,Rps3a1
342,Dner
343,Strap
344,1810037I17Rik
345,Eno1
346,Tubb2a
347,Jam2
348,F3
349,Ndufa4
350,Snx5
351,Kif1b
352,Gabarap
353,4833439L19Rik
354,Calm2
355,Nisch
356,Ccn2
357,Atp5h
358,Suclg1
359,Atp5d
360,Rack1
361,Cox6c
362,Aldh6a1
363,Sh3glb1
364,Vps41
365,Cct8
366,Id3
367,Dars
368,Calu
369,Adk
370,Csde1
371,Rap1b
372,Gm2a
373,Ubl3
374,Arl3
375,Slc16a1
376,Atp5j
377,Ezr
378,Metap2
379,Arf1
380,Epdr1
381,Pbxip1
382,Wwc1
383,Rab5a
384,Dnaja2
385,St13
386,Nptn
387,Rbx1
388,Ank
389,Scg3
390,Mff
391,Morf4l2
392,Mtss2
393,Tcp11l2
394,Degs1
395,Cfl2
396,Ptp4a2
397,Npm1
398,Slc1a2
399,Phgdh
400,Poldip2
401,Syap1
402,Hnrnpc
403,Rheb
404,Cox6b1
405,Gpi1
406,Cyfip1
407,Sf3b1
408,Calm3
409,Sar1a
410,Dld
411,Cacybp
412,Vapa
413,Cct6a
414,Prdx5
415,Hspa4l
416,Mrfap1
417,Tpm3
418,Srebf1
419,Etfa
420,Tubb4b
421,Ptma
422,Pdp1
423,Mfge8
424,Cdc42se2
425,Mark3
426,Tmem176b
427,Rpl14
428,Dtna
429,Tjp1
430,Lrrc58
431,Uqcrc2
432,Slc38a1
433,Zfp36l1
434,Gng12
435,Map1b
436,Ttc3
437,Wls
438,Zwint
439,Amfr
440,Rsrp1
441,Acsl3
442,Ifitm3
443,Cct4
444,Azin1
445,Itfg1
446,Wsb1
447,Pdha1
448,Ftl1
449,Nacc2
450,Lgmn
451,Sdf4
452,Uqcrc1
453,Tubb2b
454,Ppp2r5a
455,Sptssa
456,Eif4h
457,Zfp207
458,Dync1i2
459,Cspg5
460,Dynlt3
461,Asah1
462,Ahnak
463,Snx4
464,Arhgap12
465,Pnisr
466,Ppt1
467,Tm9sf2
468,Olig1
469,Snap47
470,Cct3
471,Hnrnpdl
472,Rpl9
473,Psmd1
474,Pfn1
475,Srsf5
476,Tnrc18
477,Pfkp
478,Vcp
479,Sptan1
480,Selenok
481,Mgat5
482,Ei24
483,Plcd4
484,Crot
485,Eif3c
486,Atrx
487,Sgpl1
488,Oaz1
489,Echs1
490,Hsd17b4
491,Slc38a3
492,Igdcc4
493,Atad1
494,Add1
495,Hmgn3
496,Myl6
497,Sub1
498,Acadsb
499,Mapk1
500,Med25
501,Stox2
502,Ociad1
503,Scp2
504,Nrxn1
505,Arhgdia
506,Fgfr1
507,Gnai3
508,Pnrc2
509,Pttg1ip
510,Rpl22
511,Kif5b
512,Pon2
513,Rpl32
514,Rps24
515,Marcksl1
516,Atp6v0e2
517,Tpi1
518,Ogn
519,Clstn1
520,Ap2m1
521,Tprkb
522,Junb
523,Sox21
524,Btbd1
525,Emp2
526,Ddb1
527,Son
528,Psmb1
529,Metrn
530,S1pr1
531,Septin9
532,Sdhb
533,Sulf2
534,Eif3f
535,Calr
536,Clptm1
537,Rida
538,Chpt1
539,Tecr
540,Tcf25
541,Tpm4
542,Atxn7l3b
543,Camk2d
544,Rab1a
545,Serpinh1
546,Matr3
547,Rpn2
548,Gpx4
549,Arcn1
550,Rnd3
551,Pgrmc1
552,Ctbp1
553,Cct5
554,Pitpna
555,Pals2
556,Pdia6
557,Vdac2
558,Ndufs1
559,Nrep
560,Ndufc2
561,Xpr1
562,Polr2m
563,Pink1
564,Mrps6
565,Ndufv2
566,Rps8
567,Rps19
568,Zcchc24
569,Cfap36
570,Arglu1
571,Chmp5
572,Txn1
573,Mcl1
574,Pmm1
575,Ndufs2
576,Ctso
577,Psma2
578,Mtch2
579,Rcn1
580,Arl2bp
581,Pnpla8
582,Cct7
583,Slc48a1
584,Phlpp1
585,Tpp1
586,Gnb2
587,Mettl9
588,Rnf180
589,Sgcb
590,Odc1
591,Nadk2
592,Mgst1
593,Rps27a
594,Ssb
595,Sorbs1
596,Zranb2
597,Il6st
598,Adh5
599,Ccdc47
600,Cttn
601,Cav1
602,Zfand5
603,Uba1
604,Map4
605,Sesn3
606,Cd44
607,Sar1b
608,2810459M11Rik
609,Ube2b
610,Lin7c
611,Hspa2
612,Naaa
613,Gdi1
614,Txndc5
615,Ccni
616,Tkt
617,Cox7c
618,Arf3
619,Cct2
620,Idh3g
621,Ube2r2
622,Stat3
623,Prss23
624,Rdx
625,Gna13
626,Snx6
627,Sqle
628,Smpdl3a
629,Ank2
630,Rps21
631,Stt3b
632,Clk1
633,Rpl6
634,Mt2
635,Golm2
636,Notch2
637,Pcbp1
638,Actr3
639,Sorl1
640,Chtop
641,Npc2
642,Ube2l3
643,Aco2
644,Serpina3n
645,Tmed10
646,Gclm
647,Tmem65
648,Rps15a
649,Puf60
650,Rsu1
651,Arpc5
652,Cotl1
653,Trpc4ap
654,Ssr1
655,Pcmt1
656,Cand1
657,Pls3
658,Bmp6
659,Ubqln1
660,Phlda3
661,Psmd2
662,Sri
663,Cers2
664,Ptov1
665,Dctn2
666,Rpn1
667,Acbd5
668,Ergic3
669,Zfr
670,C3
671,Tspan12
672,Eif3e
673,Tle5
674,Cdkn1a
675,Mboat2
676,Rpl7a
677,Eid1
678,Klhl9
679,Psip1
680,Scrn1
681,Tmem9b
682,Notch1
683,Neo1
684,Ktn1
685,Abat
686,Enpp5
687,Sypl
688,Mbnl2
689,Plxnb2
690,Fbxw11
691,Yaf2
692,Cdk4
693,Sesn1
694,Mob4
695,Sorbs2
696,Sfr1
697,Copb1
698,Rpl15
699,Atp6v1b2
700,Cab39
701,Stx12
702,Rpl41
703,Map4k4
704,Pafah1b2
705,S100a16
706,Ubxn4
707,Rpl23
708,Npepps
709,Rpl26
710,Lrp1
711,Nap1l1
712,Dst
713,Top1
714,Ctnnd2
715,Taldo1
716,Hadha
717,Copa
718,Tcp1
719,H2az2
720,Mdm2
721,Nono
722,Twf1
723,Tprgl
724,Vamp3
725,Micos10
726,Cldnd1
727,Rps27l
728,Foxj1
729,Clic4
730,Fyn
731,Sucla2
732,Hadh
733,Arhgef12
734,Eif3h
735,Txnl1
736,Cul3
737,Hspd1
738,Snapin
739,Dnajc3
740,6330403K07Rik
741,Vmp1
742,Scamp1
743,Ywhaq
744,Celf2
745,Srsf1
746,Cox7a2l
747,Scarb2
748,Pafah1b1
749,Rnf11
750,Cp
751,Cdk17
752,Naca
753,Eef1b2
754,Rps26
755,Ddx1
756,Ndufa10
757,Rpl13
758,Tm4sf1
759,Phyh
760,Hsdl2
761,Zc3h14
762,Strn3
763,Glg1
764,Ccar1
765,Pten
766,Uqcrh
767,Ndufa13
768,Ube2h
769,Cops2
770,Pmpcb
771,Pid1
772,Palld
773,Tspan15
774,Slc38a2
775,Tns3
776,Chchd2
777,Myo6
778,Eif3l
779,Slc22a17
780,Acta2
781,Brk1
782,Ranbp9
783,Cox7a2
784,1110004F10Rik
785,Nras
786,Rpl10
787,Sf3b2
788,Slc25a39
789,Cmpk1
790,Kifbp
791,Ran
792,Gpam
793,Chp1
794,Dynlrb1
795,Ddah2
796,Sdhd
797,Fnbp1
798,Arf5
799,Glrx3
800,Dclk1
801,Park7
802,Rnf14
803,Hnrnpm
804,Srsf3
805,Csf1
806,Lrpap1
807,Ift74
808,Abhd17b
809,Shroom3
810,Ech1
811,Copb2
812,Shisa4
813,Gpt2
814,Ncor1
815,Capns1
816,Zfp24
817,Rnf187
818,Tspan6
819,Psmc1
820,Ppp2r5c
821,Xpo1
822,Idh1
823,Prpf8
824,Rbm25
825,Acadl
826,Cul1
827,Srp14
828,Ak1
829,Hmgn2
830,Ankrd46
831,Eef1g
832,Eif3a
833,Msmo1
834,Txnip
835,Fbxo2
836,Ptprf
837,Npdc1
838,Ctnnb1
839,Fnta
840,Abi1
841,Nebl
842,Ddx17
843,Naa50
844,Clic1
845,Fzd3
846,Rplp2
847,Rps15
848,Eif4a1
849,Cyc1
850,G3bp2
851,Rpl11
852,Rps23
853,Eif2s2
854,Uba3
855,Idh3b
856,Osbpl1a
857,Ntsr2
858,Ppp6c
859,Api5
860,Rer1
861,Pcdh10
862,Rrp1
863,Fkbp8
864,Smim10l1
865,Ndfip2
866,Actr1a
867,Slc30a9
868,Psmd7
869,Pip4p2
870,Spop
871,Gclc
872,Copz1
873,Mzt1
874,Hnrnph1
875,Adam10
876,Rab21
877,Dmd
878,Nde1
879,Cdc37l1
880,Srgap3
881,Tmx1
882,Plat
883,Rps18
884,Meis2
885,Chd4
886,Eif4b
887,Hp1bp3
888,Bcap31
889,H3f3a
890,Slc25a11
891,Mtfr1l
892,Rpl21
893,Psmd5
894,Mtch1
895,Set
896,Rab11a
897,Acat1
898,Stard7
899,Pak2
900,Spp1
901,Itgb8
902,Lmbrd1
903,Ndufv1
904,Ralgps2
905,Exoc4
906,Timp3
907,Tmem184c
908,Nap1l4
909,Hint1
910,Hmgb1
911,Mid1ip1
912,Atp6ap1
913,Maged2
914,Rpsa
915,Gpx8
916,Dek
917,Cfap418
918,Srsf6
919,Trpm7
920,Fkbp9
921,Psmd6
922,Lcn2
923,Lap3
924,Ndrg3
925,Rnf10
926,Marchf5
927,Rab5c
928,Fos
929,Arpp19
930,Prrc2a
931,Srsf10
932,Fyttd1
933,Ankrd11
934,Arl1
935,Bmpr1a
936,Adipor1
937,Pnn
938,Atp6v1h
939,Immt
940,Atp6v1e1
941,S100a1
942,Rpl18a
943,Ewsr1
944,Ppp3ca
945,Prkacb
946,Aamp
947,Rpl19
948,Itprid2
949,Psmb6
950,Slc27a1
951,Snw1
952,Atp6ap2
953,Fbxo3
954,Cadm1
955,Clta
956,Clip3
957,Pkia
958,Micu2
959,Parva
960,Gas1
961,Hnrnpab
962,Cltc
963,Rpl17
964,Tob1
965,Kcnj10
966,Atp6v1c1
967,Cnih1
968,Esd
969,Pdcd6
970,Dock7
971,Trim35
972,Slc41a1
973,Tmem50b
974,Gnao1
975,Lsm14a
976,Ctxn1
977,Pdpn
978,Klhl5
979,Surf4
980,Hsph1
981,Ggnbp2
982,Thap12
983,Tm7sf3
984,Adcyap1r1
985,Mocs2
986,Cd24a
987,Elob
988,Plekhb2
989,Srsf11
990,Anxa6
991,Hdac2
992,Smarcc2
993,Thbs1
994,Strbp
995,Ppp2r2b
996,Anp32a
997,Cmtm6
998,Bcan
999,Aldh7a1
1000,Dlst
1001,Hectd1
1002,Hnrnpl
1003,Tmco1
1004,Wnk1
1005,Ankrd40
1006,Me1
1007,Etf1
1008,Dnm2
1009,Ndufb10
1010,Usp8
1011,Sem1
1012,Ndst1
1013,Papola
1014,Cox7b
1015,Stx7
1016,Sin3b
1017,Fam120a
1018,Pros1
1019,Pdhb
1020,Sqstm1
1021,Actr2
1022,Pex13
1023,Ncor2
1024,Dvl3
1025,Tram1
1026,Tfg
1027,Rpl34
1028,Sccpdh
1029,Rps20
1030,Mrpl13
1031,Uqcrq
1032,Tnfrsf1a
1033,Gde1
1034,Kidins220
1035,Prkag2
1036,Dnajc8
1037,Tab2
1038,Anxa3
1039,H13
1040,Soat1
1041,Erlin2
1042,Nucks1
1043,Atp2a2
1044,Bnip3l
1045,Psmd8
1046,Fubp1
1047,Psph
1048,Eif1ax
1049,Lims1
1050,Tsn
1051,Psma6
1052,Psmc3
1053,Rps16
1054,Smim14
1055,Pfdn5
1056,Lonp2
1057,Lmo4
1058,Stt3a
1059,Tceal8
1060,Itgb5
1061,Sema6d
1062,Psmc2
1063,Sec23a
1064,Cdc42se1
1065,Adgrg1
1066,Tmem43
1067,Dctn4
1068,Mpp1
1069,Ssrp1
1070,Sdhc
1071,Prdx3
1072,Ccnl2
1073,Atp6v0e
1074,Abce1
1075,Tmed4
1076,Polr3h
1077,Crk
1078,Emc7
1079,Rps7
1080,Nipsnap2
1081,Ctnnal1
1082,Ubxn1
1083,BC031181
1084,Rab1b
1085,Kctd17
1086,Olfm1
1087,Sod2
1088,Cat
1089,Pcyox1
1090,Commd3
1091,Gtf2i
1092,Dynll1
1093,Cybrd1
1094,Dpysl2
1095,Arhgap21
1096,Aff4
1097,Psmc5
1098,Cwc15
1099,Gprc5b
1100,Gsta4
1101,Psmd14
1102,Rpl37a
1103,Akirin1
1104,Laptm4b
1105,Daam2
1106,Tafa5
1107,Glo1
1108,Dusp11
1109,S100a6
1110,Eloc
1111,Dhx32
1112,Foxo3
1113,Clcn4
1114,Pitpnc1
1115,Tpr
1116,Uba2
1117,Smim7
1118,Gadd45g
1119,Epb41l2
1120,Smc3
1121,Hadhb
1122,Cnp
1123,Erbin
1124,Emc3
1125,Ddx39b
1126,Pmp22
1127,Zhx1
1128,Flnb
1129,Tmeff2
1130,Rap1a
1131,Cltb
1132,Fbxl3
1133,Bhlhb9
1134,Dnajc10
1135,Mtdh
1136,Kcnk2
1137,Slc25a18
1138,Fis1
1139,Mapk8ip1
1140,Cadm2
1141,Luc7l3
1142,Gorasp2
1143,Cggbp1
1144,Ik
1145,Papss1
1146,Ppp2cb
1147,H2bc4
1148,Ppp1r3c
1149,Zmpste24
1150,Psma7
1151,Sec22b
1152,Limch1
1153,Dennd5a
1154,Vps29
1155,Atg12
1156,Mfsd1
1157,Dad1
1158,Sybu
1159,Clcn3
1160,Suclg2
1161,Bdh1
1162,Spg21
1163,Bag1
1164,Krit1
1165,Wbp2
1166,Dnajb4
1167,Klhl7
1168,Klc1
1169,Ptges3
1170,Map2k1
1171,Slc44a1
1172,Prxl2a
1173,Phyhipl
1174,Nbr1
1175,Rasal2
1176,Vwa5a
1177,Srek1
1178,Vps26c
1179,Ndufa2
1180,Psma3
1181,Axl
1182,Rala
1183,Phax
1184,Tceal9
1185,Slc35a5
1186,Sugt1
1187,Pex2
1188,Ifi27
1189,Pgk1
1190,Psmc4
1191,Gem
1192,Pcnp
1193,Cstf2
1194,Atraid
1195,Uqcr10
1196,Stom
1197,Tmod2
1198,Eif1b
1199,Abhd12
1200,Ppp1ca
1201,Etfdh
1202,Nln
1203,Ube2e3
1204,Dcaf8
1205,M6pr
1206,Eif3i
1207,Hdlbp
1208,Pomp
1209,Hexa
1210,Adam9
1211,Ola1
1212,Pja2
1213,Elavl1
1214,Swi5
1215,Sfxn1
1216,Rab12
1217,Cox5b
1218,Tmem50a
1219,Tomm7
1220,Rps17
1221,Yipf4
1222,Ssr2
1223,Fas
1224,Cops5
1225,Trim2
1226,Ddost
1227,Ipo5
1228,Spcs1
1229,Mlec
1230,Stip1
1231,Ndufc1
1232,Golga7
1233,Rhob
1234,Polr2b
1235,Cdh11
1236,Emc2
1237,Psmb7
1238,Atp6v0d1
1239,Tmem33
1240,Ndufb11
1241,Psmc6
1242,Fech
1243,Ncan
1244,Sirpa
1245,Hsd17b12
1246,Smdt1
1247,Cops4
1248,Mmut
1249,Selenop
1250,Nfkbia
1251,Tst
1252,P4ha1
1253,Nedd8
1254,Scpep1
1255,Gria2
1256,Ttc14
1257,Htra1
1258,Hif1a
1259,Lhfp
1260,Eif4a3
1261,Cops6
1262,Map7d1
1263,Cdc16
1264,Eef1d
1265,Fmod
1266,Acaa2
1267,Zmynd11
1268,Atp6v1g1
1269,Arrdc3
1270,Spcs3
1271,Psmd12
1272,Ttyh3
1273,Grsf1
1274,Otud6b
1275,Ssbp3
1276,Evi5
1277,Wdr45b
1278,Kdm1a
1279,Cdip1
1280,Acss1
1281,Vdac3
1282,Slc15a2
1283,Angpt1
1284,Arsb
1285,Hey1
1286,Dhx40
1287,Rbm8a
1288,Psma4
1289,Drap1
1290,Appl2
1291,Olfm2
1292,Eif4g1
1293,Frs2
1294,Pnrc1
1295,Jpt1
1296,Fundc1
1297,Smu1
1298,H1f0
1299,Pacsin2
1300,Fgfr2
1301,Rpa1
1302,Tmx3
1303,Chchd3
1304,Prkaca
1305,Rps27
1306,Foxg1
1307,Tsnax
1308,Fkbp3
1309,Klhdc2
1310,Atp5j2
1311,Gpcpd1
1312,Celf1
1313,Rps11
1314,Extl2
1315,Cfdp1
1316,Ndufa6
1317,Rtraf
1318,Morf4l1
1319,Brd7
1320,Klhl24
1321,Rorb
1322,Zcchc18
1323,Egr1
1324,Igsf11
1325,Tpd52l2
1326,Purb
1327,Appbp2
1328,Cnih4
1329,Ivns1abp
1330,Tia1
1331,Reep3
1332,Ccdc88a
1333,Pter
1334,Oxr1
1335,Akt1
1336,Rpl37
1337,Vps26a
1338,Olig2
1339,Ppp3r1
1340,Tbc1d15
1341,Kpna3
1342,Nsmf
1343,Snx27
1344,Nrxn2
1345,Snx10
1346,Fgfr3
1347,Fau
1348,Smpd1
1349,Krcc1
1350,Mpc2
1351,Ccdc80
1352,Myl12a
1353,Bcl2l1
1354,Carhsp1
1355,Emc10
1356,Bphl
1357,Csrp1
1358,Snrnp70
1359,Lpcat3
1360,Srsf7
1361,Atp5md
1362,Tcf12
1363,Eci2
1364,Cetn2
1365,Nxt2
1366,Rbm5
1367,Vma21
1368,Rnf7
1369,Xrn2
1370,Eif5b
1371,Atp5e
1372,Cxxc5
1373,Ginm1
1374,Actr10
1375,Rragc
1376,Slc5a3
1377,Rsrc2
1378,Ist1
1379,Ntm
1380,Rps13
1381,Atp1b3
1382,Tnfaip1
1383,Rab28
1384,Luzp2
1385,Rab11b
1386,Slc4a4
1387,Ppm1a
1388,Sf1
1389,Kif21a
1390,Gstm5
1391,Tmx2
1392,Derl1
1393,Tomm22
1394,Hipk2
1395,Septin8
1396,Rps25
1397,Bclaf1
1398,Mrps14
1399,Gosr2
1400,Sox6
1401,Cuedc2
1402,Rnf130
1403,Kpna4
1404,Rad23b
1405,Rbbp9
1406,Ncam1
1407,Txn2
1408,Mfsd14b
1409,Bcas2
1410,Mthfd1
1411,Cebpd
1412,Cdv3
1413,Clpx
1414,Glul
1415,Rpl10a
1416,Ogdh
1417,Dnm1l
1418,Bfar
1419,Septin11
1420,Eps15
1421,Actn4
1422,Pdlim4
1423,Rchy1
1424,Rnf145
1425,Pltp
1426,Pgm1
1427,Ctnna2
1428,Nadk
1429,Nrcam
1430,Zfp106
1431,Adss
1432,Oaz2
1433,Gabrb1
1434,Kifap3
1435,Dcun1d5
1436,Slc16a2
1437,Snx1
1438,Zmiz1
1439,Gns
1440,Ddx24
1441,Wnt7b
1442,Slc25a17
1443,Ubap2l
1444,Pam
1445,Edf1
1446,Ubr4
1447,Chmp2a
1448,Cetn3
1449,Smarca4
1450,Prom1
1451,Lasp1
1452,Grn
1453,Ubc
1454,Smarca5
1455,Gyg
1456,Sae1
1457,Rnf4
1458,Sp3
1459,Usp4
1460,Cadm4
1461,Ppp2r2a
1462,Eprs
1463,Galnt1
1464,Slc6a1
1465,Tmod3
1466,Fh1
1467,Gng5
1468,Gcsh
1469,Scaf11
1470,Ugdh
1471,Twsg1
1472,Snx17
1473,Acot1
1474,Fscn1
1475,Tead1
1476,Ube2n
1477,Gsk3b
1478,Rps6
1479,Ctsa
1480,Mat2b
1481,Ndrg1
1482,Tmem165
1483,Psmb2
1484,Vamp2
1485,Ubr5
1486,Uqcr11
1487,Dnajc7
1488,Zc3h13
1489,Yipf5
1490,Adprh
1491,Aktip
1492,Atp6v1d
1493,Chmp2b
1494,Ryk
1495,Mkln1
1496,Ap1s2
1497,Srpk2
1498,Rfk
1499,Stxbp3
1500,Paqr4
1501,Eftud2
1502,Hcfc1r1
1503,Asph
1504,Cachd1
1505,Os9
1506,Tapbp
1507,Dync1h1
1508,Ypel5
1509,Pals1
1510,Mapkapk2
1511,Slc7a2
1512,Clptm1l
1513,Ndufa7
1514,Cops9
1515,Vhl
1516,Atp5mpl
1517,Clk4
1518,Thra
1519,Jun
1520,Eif4e
1521,Lrrn3
1522,Mfn1
1523,Wwtr1
1524,Vbp1
1525,Skap2
1526,Kif3a
1527,Tbc1d19
1528,Npas3
1529,Anapc5
1530,Sfpq
1531,Selenos
1532,Wdfy3
1533,Taf9b
1534,Ramp1
1535,Cpped1
1536,Lrig1
1537,Ubl5
1538,Usp9x
1539,Ensa
1540,Ndufv3
1541,Ndufa9
1542,Cnot7
1543,Bmi1
1544,Dtx3
1545,Rhot1
1546,Ampd3
1547,Bub3
1548,Ndufa3
1549,Cyb5a
1550,Rpl18
1551,Rtcb
1552,Spon1
1553,P4ha3
1554,Kif1a
1555,Mcrip1
1556,Erp44
1557,Pdcd4
1558,Anp32b
1559,Nmt1
1560,Cmtm5
1561,Armc1
1562,Spag9
1563,Ufm1
1564,Jam3
1565,Tmpo
1566,Arxes2
1567,Atxn2
1568,Smad4
1569,Nr2e1
1570,Coa5
1571,Fam172a
1572,Max
1573,Iqub
1574,Ppid
1575,Sf3b6
1576,Utrn
1577,Cd151
1578,Tiparp
1579,Adipor2
1580,Anxa7
1581,Sec63
1582,Glod4
1583,Taok1
1584,Akr1c14
1585,Chmp4b
1586,Anapc4
1587,Cd47
1588,Dhx36
1589,Trappc13
1590,Txndc15
1591,Myo1e
1592,Fcho2
1593,Ndufb5
1594,Sbf2
1595,Zfand6
1596,Arhgef26
1597,Ogt
1598,Psma1
1599,Rsl1d1
1600,Taf13
1601,Eif3b
1602,Mmp14
1603,Commd8
1604,Map4k3
1605,Fxr1
1606,Pbrm1
1607,Tsg101
1608,Pole4
1609,Tnks2
1610,Slc31a1
1611,Nfe2l1
1612,Prpf40a
1613,Nectin3
1614,Mtarc2
1615,Akap11
1616,Pdlim5
1617,Stam
1618,Ndufs3
1619,Apc
1620,Rps12
1621,Ccnc
1622,Syf2
1623,Trim28
1624,Efemp2
1625,Aldh1l1
1626,Dnajc5
1627,Stau1
1628,Nbl1
1629,Rpl35a
1630,Thoc2
1631,U2surp
1632,Scd1
1633,Tiprl
1634,Rap1gds1
1635,Ap3m1
1636,Sort1
1637,Dnajb11
1638,Atl2
1639,Pawr
1640,Btf3
1641,Tvp23b
1642,Rnft1
1643,Cpq
1644,Alg2
1645,Ascl1
1646,Desi2
1647,Pik3r1
1648,Pfkm
1649,Nucb1
1650,Marchf7
1651,Tle3
1652,Mtmr6
1653,Flot1
1654,Sgce
1655,Cpsf3
1656,Ski
1657,Tef
1658,Ddx50
1659,Slc25a23
1660,Dnajc18
1661,Cbfb
1662,Atp6v0b
1663,Wdr26
1664,Egln1
1665,Hnrnpa1
1666,Rab9
1667,Vps4a
1668,Commd6
1669,Smc4
1670,Ccnh
1671,Ggh
1672,Psmb4
1673,Lypla1
1674,Bod1l
1675,Hnrnpr
1676,Hnrnpll
1677,Tmem123
1678,Slc9a3r1
1679,Kctd5
1680,Numa1
1681,Rnf181
1682,Yy1
1683,Cux1
1684,Golgb1
1685,Smad1
1686,Rraga
1687,Dnajb9
1688,Fam107b
1689,Gab1
1690,Rnf141
1691,Cisd2
1692,Macroh2a1
1693,Agpat5
1694,Paqr8
1695,Ppp4r3b
1696,Ppp5c
1697,Cstf2t
1698,Plxnb1
1699,Tor1aip2
1700,Atp6v1f
1701,Cpne3
1702,Fam32a
1703,Adam22
1704,Gna12
1705,Epha5
1706,Khdrbs1
1707,Derl2
1708,Ide
1709,H1f2
1710,Dhrs7
1711,Psmd4
1712,Rpl29
1713,Cope
1714,Nrd1
1715,Msantd4
1716,Dhx15
1717,Rab22a
1718,C1ql1
1719,Ttc30b
1720,Cyhr1
1721,Sumo1
1722,Htatsf1
1723,Eif3m
1724,1810058I24Rik
1725,Prkca
1726,Khdrbs3
1727,Rbm7
1728,Prpf4b
1729,Memo1
1730,Ube2g1
1731,Ro60
1732,BC004004
1733,Coa3
1734,Akap9
1735,Myl9
1736,Plp1
1737,Bnip2
1738,Luc7l2
1739,Gbp2
1740,Tomm70a
1741,Gnaq
1742,Srp9
1743,Atp5o
1744,Nrbp2
1745,Spata6
1746,Snd1
1747,Bzw2
1748,Aco1
1749,Ppig
1750,Pxdn
1751,Glipr2
1752,Mapk10
1753,Jak1
1754,Hspe1
1755,Trp53inp2
1756,Atp6v0a2
1757,Mob1a
1758,Tspyl1
1759,Sec13
1760,Ier5
1761,Tmco3
1762,Trim37
1763,Rpl27a
1764,Mrpl28
1765,Pias2
1766,Usp14
1767,Wdr6
1768,Ndn
1769,Cby1
1770,Ptms
1771,Napa
1772,Tcf7l2
1773,Pex19
1774,Nek9
1775,Srrm1
1776,Fez2
1777,Man1c1
1778,Fabp5
1779,Rab33b
1780,Wwc2
1781,Ndufb1
1782,Snx2
1783,Maf1
1784,Dipk2a
1785,Plec
1786,Ift81
1787,Tmem106b
1788,Fuca1
1789,Slc49a4
1790,Bmt2
1791,Rpap3
1792,Gramd3
1793,Cript
1794,Mbd3
1795,Ganab
1796,Dip2b
1797,Nudcd2
1798,Sephs1
1799,Mprip
1800,Tulp4
1801,Cnpy2
1802,Cyrib
1803,Rpl5
1804,Zc3h15
1805,Mkrn1
1806,Dnaaf9
1807,Dlat
1808,Rhobtb3
1809,Svip
1810,Ndufa1
1811,Spen
1812,Sars
1813,Zfand3
1814,Fam171b
1815,Leprot
1816,Cse1l
1817,Ndufs4
1818,Dync1li2
1819,Zmat3
1820,Vti1b
1821,Rps29
1822,Flna
1823,Eri3
1824,Tgoln1
1825,Pdcd10
1826,Arpc4
1827,Pacrg
1828,Slc25a46
1829,S100a11
1830,Psmd13
1831,Fundc2
1832,Higd1a
1833,Unc50
1834,Tm2d2
1835,Rcc2
1836,Spin1
1837,Poglut1
1838,Abcc5
1839,Ifrd1
1840,Zmat2
1841,Ift22
1842,Tnpo3
1843,Vamp4
1844,Hnrnpa3
1845,Hdac3
1846,Phip
1847,Tex261
1848,Slc44a2
1849,Etnk1
1850,Ndufa8
1851,Gpbp1
1852,Stard3nl
1853,Jund
1854,Cavin1
1855,Psme3
1856,Ube2a
1857,Tmem106c
1858,Atf4
1859,Dync2li1
1860,Gtf2h5
1861,Phkb
1862,Ngly1
1863,Lman1
1864,Vat1l
1865,Tspan9
1866,Prrc2c
1867,Zeb2
1868,Chmp3
1869,Zfp703
1870,Tagln2
1871,Mras
1872,D8Ertd738e
1873,Pcsk1n
1874,Scg5
1875,Mrpl17
1876,Anapc16
1877,Rexo2
1878,Ube2j1
1879,Yme1l1
1880,Sec31a
1881,Rimklb
1882,Vps28
1883,Rcan2
1884,Cul2
1885,C4b
1886,Gspt1
1887,Cdc123
1888,Sidt2
1889,Fubp3
1890,2310022B05Rik
1891,Scfd1
1892,Nrbp1
1893,Hipk1
1894,Micu1
1895,Gps1
1896,Wac
1897,Arpc1a
1898,Gas6
1899,Maea
1900,Lrp10
1901,Atf7ip
1902,Sike1
1903,Coq10b
1904,Igsf9b
1905,Cnot2
1906,Ctr9
1907,Tmem263
1908,Mesd
1909,Slc35b2
1910,Ift80
1911,Lamc1
1912,Rnf2
1913,Lratd1
1914,Mrpl20
1915,Chic2
1916,G6pdx
1917,Wdr35
1918,Tmed3
1919,Adhfe1
1920,Lamb2
1921,Scoc
1922,Lamtor1
1923,Ranbp1
1924,Tfdp1
1925,Wdr61
1926,Drg1
1927,Asap1
1928,Nudt19
1929,Shoc2
1930,Arl8b
1931,Ptdss1
1932,Ube2m
1933,Ahsa1
1934,Fut8
1935,Necap2
1936,Lhx2
1937,Prkci
1938,Nek7
1939,Sec61a1
1940,Nudc
1941,Cdkn2b
1942,Rad21
1943,Tmem167
1944,Usp25
1945,Neto2
1946,Anp32e
1947,Bace2
1948,Stx6
1949,Ybx3
1950,Efr3a
1951,Ythdf2
1952,Ormdl3
1953,Ppargc1a
1954,Ckap4
1955,Capn7
1956,Fto
1957,Cops8
1958,Sh3pxd2b
1959,Med28
1960,Fam234b
1961,Aars
1962,Srp72
1963,Emc8
1964,Rpl28
1965,Hacd2
1966,Slc30a5
1967,Wdr82
1968,Tnrc6b
1969,Dap3
1970,Atox1
1971,Pex3
1972,Jkamp
1973,Rnf115
1974,Mib1
1975,Mapkap1
1976,Pcx
1977,Ap2s1
1978,Rp2
1979,Txndc12
1980,Mpv17
1981,Tmem234
1982,Raver2
1983,Mxra8
1984,Rpl7l1
1985,Cdk11b
1986,Trim9
1987,Acap2
1988,Steap4
1989,Bmp1
1990,Bcl10
1991,Bmpr2
1992,Itsn1
1993,Vps4b
1994,Pura
1995,Coq9
1996,Rufy3
1997,Bbip1
1998,Brd3
1999,Gas2l1
2000,Cdk16
2001,Rftn2
2002,Setd3
2003,Nwd1
2004,Ap1s1
2005,Snrpb
2006,Sec23b
2007,Cibar1
2008,Ap1m1
2009,Ywhah
2010,Sec14l1
2011,Usp24
2012,Prpf6
2013,G3bp1
2014,Sdf2
2015,Pdzd11
2016,Tmed5
2017,Sat1
2018,Smarca2
2019,Ltbp3
2020,Plscr2
2021,Cyp51
2022,Slu7
2023,Pcca
2024,Nck1
2025,Ndufs8
2026,Zfp36l2
2027,Igfbp7
2028,Ctsf
2029,Smarcb1
2030,Rpl36
2031,Pgpep1
2032,Mbnl1
2033,Mgrn1
2034,Eif2s1
2035,Chd6
2036,Kmt2a
2037,Kmt2e
2038,Smc1a
2039,Fryl
2040,Brd2
2041,Msi2
2042,Col3a1
2043,Trim44
2044,1110032A03Rik
2045,Pou3f3
2046,Ube2k
2047,Fbxo44
2048,Fam168a
2049,Mpzl1
2050,Zc2hc1a
2051,Tuba1b
2052,Map1a
2053,Kdelr1
2054,Car2
2055,Psma5
2056,Dcaf12
2057,Vezf1
2058,Cpd
2059,Pitpnb
2060,Dcakd
2061,Lrrc8c
2062,Selenot
2063,Gatm
2064,Kcmf1
2065,Lix1
2066,Itgav
2067,Rock2
2068,Decr1
2069,Fam162a
2070,Cep20
2071,Epas1
2072,Pdcd6ip
2073,Ppm1b
2074,Ppp6r1
2075,Rpl12
2076,Fbxw2
2077,Zdhhc6
2078,Tbca
2079,Phf20l1
2080,Aif1l
2081,Ppp1r2
2082,Plod2
2083,Bag6
2084,Map1lc3a
2085,Nampt
2086,Ufc1
2087,Wdr33
2088,Hikeshi
2089,Nsmce4a
2090,Smarcc1
2091,Rbm18
2092,Ostc
2093,Dusp3
2094,Pdcl
2095,Otub1
2096,Kdelr2
2097,Ppm1l
2098,Fdft1
2099,Tmed9
2100,Kat6a
2101,Tcaf1
2102,Hbs1l
2103,Elp2
2104,Sorbs3
2105,Elmo2
2106,Tmem70
2107,Vps36
2108,Rfx4
2109,Cox14
2110,Mgll
2111,Chuk
2112,Cpt1c
2113,Riok3
2114,Ypel3
2115,Sik3
2116,Tceal3
2117,Cdc37
2118,Ccz1
2119,Naxe
2120,Hexb
2121,Ube2d2a
2122,Cap2
2123,Zfp260
2124,Herpud2
2125,Ctbp2
2126,Eif2b2
2127,Gtf2a1
2128,Tmem108
2129,Arpc3
2130,Tsen34
2131,Ywhag
2132,Hook3
2133,Nemf
2134,Arnt2
2135,Sumo3
2136,Cavin3
2137,Cited2
2138,Ipo7
2139,Jtb
2140,Tollip
2141,Cnot8
2142,Hmgb2
2143,Irgm1
2144,Cstpp1
2145,Nedd9
2146,Sltm
2147,Ubac1
2148,Manf
2149,Blcap
2150,Grpel1
2151,Pank2
2152,Gdpd2
2153,Tacc1
2154,Crnkl1
2155,Nicn1
2156,Palm
2157,Ddx42
2158,Cap1
2159,Rpl39
2160,Dcxr
2161,Tpgs2
2162,Akr1e1
2163,Ppp1r9b
2164,Mxi1
2165,Pak1
2166,S100a13
2167,Tm9sf4
2168,Bmerb1
2169,Ctdsp2
2170,Fbrsl1
2171,Akirin2
2172,Enpp4
2173,Hmox1
2174,Camk1
2175,Ddx3x
2176,Fam234a
2177,Csnk2b
2178,Ccdc50
2179,Slc35a4
2180,Tmem19
2181,Rbm17
2182,Ndp
2183,Igbp1
2184,Iscu
2185,Peli2
2186,Uba5
2187,Adra2a
2188,Flot2
2189,Tspan31
2190,Smim15
2191,Adora1
2192,C1qbp
2193,Fgfrl1
2194,Aggf1
2195,Nme5
2196,Higd2a
2197,Ash2l
2198,Sap18
2199,Smox
2200,Grb2
2201,Lpcat1
2202,Plaa
2203,Ndufa12
2204,Anapc11
2205,Iqcg
2206,Impact
2207,Dlgap4
2208,Map2k2
2209,Arl6ip5
2210,Ptgr2
2211,Ccdc34
2212,Slc25a1
2213,Psme2
2214,Wbp4
2215,Aamdc
2216,Ube3a
2217,Adi1
2218,Map2
2219,Psmd11
2220,Syncrip
2221,Ift52
2222,Uso1
2223,Ctsz
2224,Llgl1
2225,Cul4a
2226,Arpc5l
2227,Ppm1g
2228,Kras
2229,Rhoc
2230,Fn1
2231,Usp47
2232,Exoc5
2233,Pbx1
2234,Lima1
2235,Cfap20
2236,Sgpp1
2237,Lias
2238,Maoa
2239,Larp1
2240,Mindy2
2241,Vangl2
2242,Fgfr1op2
2243,Rgma
2244,Fasn
2245,Ppme1
2246,Gatad2a
2247,Hbegf
2248,Hnrnpd
2249,Pde4b
2250,Klf3
2251,Ssx2ip
2252,Usp22
2253,Plxdc2
2254,Arl14ep
2255,Arhgap1
2256,Ostm1
2257,Capn2
2258,Upf3b
2259,Acin1
2260,Pdk2
2261,Klhl13
2262,Lsm4
2263,Cib1
2264,Ddrgk1
2265,Asb8
2266,Celsr2
2267,Dctn3
2268,Fbxo8
2269,Smad2
2270,Slc35b1
2271,Fem1b
2272,Glt8d1
2273,Rfx3
2274,Ccdc136
2275,Mapk6
2276,Araf
2277,Ncbp2
2278,Ncstn
2279,Pdhx
2280,Myo18a
2281,Irs2
2282,Trp53inp1
2283,Timm17a
2284,B4galt4
2285,Mrpl50
2286,Trmt1l
2287,E2f6
2288,1810013L24Rik
2289,Tra2a
2290,Hs2st1
2291,Tank
2292,Magi3
2293,Clint1
2294,Timm29
2295,Rabac1
2296,Pkd2
2297,Timm13
2298,Osbpl9
2299,Ogfr
2300,Dmwd
2301,Ext1
2302,Ubr7
2303,Tspan5
2304,Zbtb18
2305,Chmp1a
2306,Sbno1
2307,Ube2e2
2308,Prkcsh
2309,Abhd8
2310,Zkscan1
2311,Dido1
2312,Chil1
2313,Efcab14
2314,Myo5a
2315,Bbln
2316,Lman2
2317,Pin1
2318,Orc3
2319,Actr1b
2320,C1d
2321,Pdrg1
2322,Rnh1
2323,Cox5a
2324,Mcmbp
2325,Golim4
2326,Lrrn1
2327,Rpgr
2328,Txndc9
2329,Slco1c1
2330,Glis3
2331,Gabarapl1
2332,Brix1
2333,Unc119b
2334,Kmt5a
2335,Zfp422
2336,Plpp1
2337,Gpat4
2338,Ankra2
2339,Ppp4c
2340,Nudt9
2341,Dnpep
2342,Senp6
2343,Pex7
2344,Pa2g4
2345,Ckap2
2346,Nop53
2347,Mcur1
2348,Rpl38
2349,Prpf38b
2350,Prrc2b
2351,Nr2f1
2352,Bgn
2353,Gca
2354,Ptpa
2355,Nae1
2356,Gmps
2357,Ldah
2358,Sez6
2359,Glrx2
2360,Zeb1
2361,Susd6
2362,Glrb
2363,Phtf1
2364,Anxa4
2365,Chl1
2366,Srsf9
2367,Bcap29
2368,Bex3
2369,Spire1
2370,Acadvl
2371,Cpne2
2372,Tmem209
2373,Cul5
2374,Ppic
2375,Farp1
2376,Nav2
2377,Basp1
2378,Aebp2
2379,Hspa13
2380,Mbd2
2381,Prpf19
2382,Pgap4
2383,Cryzl1
2384,Exoc3
2385,Pum1
2386,Astn1
2387,Naa35
2388,Ssbp2
2389,Cpt1a
2390,Csnk1d
2391,Dbp
2392,Fzd2
2393,Cask
2394,Sox8
2395,Cisd1
2396,Ttc8
2397,Tmem242
2398,Srsf2
2399,Efemp1
2400,Pld3
2401,Ap2b1
2402,Ankrd13c
2403,Arsk
2404,Srebf2
2405,Dnajc1
2406,Dennd10
2407,Pmpca
2408,Hdac1
2409,Thrsp
2410,Ptgds
2411,Chordc1
2412,Synpo2
2413,Dclk2
2414,Tomm20
2415,Dcaf7
2416,Tpp2
2417,Trappc11
2418,Strn4
2419,Mindy3
2420,Tmem14c
2421,Casp3
2422,Tapt1
2423,Copg2
2424,Gfm1
2425,Nim1k
2426,Mex3c
2427,Uqcrb
2428,Pigs
2429,Ptdss2
2430,Stoml2
2431,Irf2bp2
2432,Ppp1r12a
2433,Tmsb10
2434,Prps2
2435,Opa1
2436,Igsf8
2437,Enah
2438,Mapk9
2439,Map2k4
2440,Ppa2
2441,Mtrex
2442,Tra2b
2443,Qrich1
2444,Osbpl2
2445,Kcne1l
2446,Tmem135
2447,Angel2
2448,Ythdf1
2449,Rbbp6
2450,Nars
2451,Mapre2
2452,Sel1l
2453,Faf2
2454,Col4a5
2455,Lta4h
2456,Ier2
2457,Trap1
2458,Tmbim4
2459,Kmt2d
2460,Ndufs7
2461,Bcar1
2462,Pum3
2463,Nol7
2464,Sec11a
2465,Elof1
2466,Mrps17
2467,Nipsnap3b
2468,Acly
2469,Chrdl1
2470,Retreg2
2471,Zfp148
2472,Comt
2473,Fmn2
2474,AI597479
2475,Iqsec2
2476,Acaa1a
2477,Dnai4
2478,Dpysl3
2479,Ctps
2480,Nsfl1c
2481,Cacna1a
2482,Tmem98
2483,Scap
2484,Spred1
2485,Srm
2486,Secisbp2l
2487,Kiz
2488,Psmb3
2489,Zfp428
2490,Frmd8
2491,Ift57
2492,Ikbip
2493,Larp4b
2494,Bet1
2495,Hccs
2496,C1qa
2497,Pcbp2
2498,Vipas39
2499,Uchl1
2500,Hsd17b10
2501,Slc8a1
2502,Cpsf6
2503,Ivd
2504,Rpe
2505,Mmadhc
2506,Poldip3
2507,Col4a1
2508,Nus1
2509,Brd8
2510,Gltp
2511,Enho
2512,Washc2
2513,Arid5b
2514,F2r
2515,Lrrn2
2516,Kpna1
2517,Sgta
2518,Lrrc49
2519,Aig1
2520,Bltp2
2521,Dcun1d4
2522,Tbc1d9b
2523,Egfr
2524,Mga
2525,Tmem237
2526,Glyr1
2527,Col5a2
2528,Pcbp4
2529,Nup93
2530,Psen1
2531,Tmem259
2532,Ubtf
2533,Get1
2534,Pole3
2535,Ube2w
2536,Azi2
2537,Atat1
2538,Ppib
2539,Rrn3
2540,Ap3m2
2541,Arf2
2542,Nipbl
2543,Tpd52
2544,Afg3l2
2545,Fbh1
2546,Crat
2547,Pkig
2548,Midn
2549,Naxd
2550,Gaa
2551,Qars
2552,Banf1
2553,Gnptg
2554,Rnf114
2555,Get3
2556,Ak4
2557,Tom1l2
2558,Ipo9
2559,Clip4
2560,Tcea1
2561,Cep19
2562,Isca2
2563,Serping1
2564,Acsl6
2565,Abca2
2566,Mrpl30
2567,Bod1
2568,Mapre3
2569,Dock1
2570,Afap1
2571,Phb2
2572,Tgfb2
2573,Sc5d
2574,Pik3ip1
2575,Tcf3
2576,Cobll1
2577,Erp29
2578,Mif
2579,Cnn2
2580,Zdhhc5
2581,Sppl2a
2582,Etfrf1
2583,Tmem134
2584,Eci1
2585,Pdxdc1
2586,Itm2a
2587,Mtor
2588,Ccdc6
2589,Zhx3
2590,Brwd1
2591,Mrpl42
2592,Rab29
2593,Acot13
2594,Lats1
2595,Fkbp4
2596,Fam53c
2597,Nfs1
2598,Rsrc1
2599,Hk1
2600,Rhoq
2601,Pias1
2602,Stk38
2603,Cldn12
2604,Picalm
2605,Rnf139
2606,Mest
2607,Ipo11
2608,Ndufa5
2609,Ccnd1
2610,Tnc
2611,Cuta
2612,Naa12
2613,Huwe1
2614,Atp2b4
2615,Btbd17
2616,Tjp2
2617,Fam3c
2618,Snx13
2619,Fastk
2620,Rpl30
2621,Dlg1
2622,Spg20
2623,Gars
2624,Larp4
2625,Tmem176a
2626,Dtx4
2627,Scaf8
2628,Clybl
2629,Fmr1
2630,Sumf1
2631,Cdc42ep4
2632,Extl3
2633,Tmem170b
2634,Tufm
2635,Ttc19
2636,Dnttip2
2637,Tbcb
2638,Ncoa1
2639,Atg3
2640,Alyref
2641,Rnf6
2642,Med7
2643,Slc2a1
2644,Uri1
2645,Rgl1
2646,Ssbp4
2647,Lrrc42
2648,Cdk6
2649,Lrrc57
2650,Emc6
2651,Pcmtd1
2652,Mfn2
2653,Gabbr1
2654,Abi2
2655,Prmt3
2656,Ndufb7
2657,Lars
2658,Arl4a
2659,Usp19
2660,Terf2ip
2661,Cyria
2662,Cdc23
2663,Tmem9
2664,Dpp8
2665,Smc6
2666,Eif3k
2667,Tmem258
2668,Pcmtd2
2669,Pts
2670,Bpnt2
2671,Prelid1
2672,Fuca2
2673,Smg1
2674,Arhgap29
2675,Gatd3a
2676,Aplp1
2677,Pigp
2678,Septin3
2679,Leprotl1
2680,Snn
2681,Setd5
2682,S100a10
2683,Rrm1
2684,Sbds
2685,Vps35l
2686,Sdhaf2
2687,Gtpbp4
2688,Rock1
2689,Parl
2690,Vta1
2691,Gsap
2692,Apbb1
2693,Ilf2
2694,Syn2
2695,Ptk2
2696,Ergic1
2697,Rpl31
2698,Tmx4
2699,Zcchc17
2700,Cyp2j6
2701,Prelp
2702,Islr
2703,Peli1
2704,Gldc
2705,Pde6d
2706,Rpl36a
2707,Bag5
2708,Zmym3
2709,Xpot
2710,Paqr7
2711,Gnb5
2712,Nsg2
2713,Oga
2714,Pak1ip1
2715,Sbk1
2716,Mrpl9
2717,Agrn
2718,Trip4
2719,Rcbtb2
2720,Mrpl45
2721,Odr4
2722,Tm2d1
2723,Gnpat
2724,Nid2
2725,Caml
2726,Marchf8
2727,Brox
2728,Smim8
2729,Stx5a
2730,Sfxn3
2731,Ndufb8
2732,Pgls
2733,Aasdhppt
2734,Seh1l
2735,Ppdpf
2736,Aldh3a2
2737,Gulp1
2738,Daam1
2739,Trim23
2740,Scamp2
2741,Fcgrt
2742,Pmaip1
2743,Blmh
2744,Mia2
2745,Cd109
2746,Sacm1l
2747,Usp5
2748,Smndc1
2749,Iars2
2750,Agfg1
2751,Ift27
2752,Ap3s1
2753,Cdipt
2754,Khdc4
2755,Aagab
2756,Herc2
2757,Rsf1
2758,Prpsap1
2759,Agap1
2760,Ergic2
2761,Vps26b
2762,Stxbp6
2763,Copg1
2764,Ppp3cb
2765,Lingo1
2766,Dram2
2767,Yipf3
2768,Zfp664
2769,Arl6
2770,Ppp6r3
2771,Lama5
2772,Ggps1
2773,Ncbp1
2774,Arhgef4
2775,Smg7
2776,Prmt2
2777,Desi1
2778,Ccdc127
2779,Usp16
2780,Dipk1a
2781,Clns1a
2782,Cdk2ap2
2783,Snap23
2784,Gphn
2785,Ppil2
2786,Alkbh5
2787,Ubap1
2788,Guk1
2789,Anapc2
2790,Ppp1r7
2791,Kcnk10
2792,Rnf20
2793,Ube3b
2794,Utp11
2795,Mageh1
2796,Trps1
2797,Pgam1
2798,Stard5
2799,C1qb
2800,Eif2a
2801,Lgals3bp
2802,Ndel1
2803,Ptar1
2804,Fgf1
2805,Dennd6a
2806,Siah1a
2807,Tars
2808,Golph3l
2809,Btg2
2810,Stk25
2811,Cystm1
2812,Ptpn11
2813,Denr
2814,Insig2
2815,Sra1
2816,Hibch
2817,Rnf103
2818,Wnt5a
2819,Magi1
2820,Alas1
2821,Net1
2822,Srpr
2823,Braf
2824,Eloa
2825,Eapp
2826,Plce1
2827,Wbp1
2828,Prkd1
2829,Cnep1r1
2830,B4galt6
2831,Aurkaip1
2832,Cox6b2
2833,Abhd17a
2834,Mrpl39
2835,Tmed2
2836,Ptpn13
2837,Serpinf1
2838,Ralbp1
2839,Polr3k
2840,Ifnar1
2841,Hnrnpul1
2842,Sesn2
2843,Gstp1
2844,Ttyh2
2845,Apobec1
2846,Cops3
2847,Pfdn1
2848,Agl
2849,Tma7
2850,Tbl1xr1
2851,Dbnl
2852,Tmem185a
2853,Shisa5
2854,Reep2
2855,Id1
2856,Gbe1
2857,Cnot6
2858,Ythdf3
2859,Thumpd3
2860,Tom1l1
2861,Faf1
2862,Dpf2
2863,Ctcf
2864,Top2b
2865,Mrpl4
2866,Itga6
2867,Atp5k
2868,Rnf138
2869,Ube2f
2870,Iftap
2871,Eif4g3
2872,Pqlc3
2873,Wasl
2874,Orc4
2875,Slc35f5
2876,Rxylt1
2877,Ccndbp1
2878,Haghl
2879,Zfp637
2880,Spag7
2881,Bhlhe40
2882,Leng8
2883,Rbm28
2884,Rnf34
2885,Ndufb9
2886,Stradb
2887,Pxk
2888,Cbx6
2889,Ankrd12
2890,Krtcap2
2891,Rbmx
2892,Cops7a
2893,Tmem131
2894,Rere
2895,Anxa1
2896,Psd2
2897,Lpl
2898,Wars1
2899,Suds3
2900,Sys1
2901,Ruvbl2
2902,Steep1
2903,Ubfd1
2904,Drosha
2905,Zdhhc20
2906,Wsb2
2907,Pno1
2908,Dgcr6
2909,Kmt5b
2910,Lactb2
2911,Trnt1
2912,Babam2
2913,Paip1
2914,Ptpn1
2915,Rgcc
2916,Raly
2917,Rpl27
2918,Csmd1
2919,Cyp4f14
2920,Eif2s3y
2921,Gtf2a2
2922,Osbpl5
2923,Tmem147
2924,Ube4a
2925,Gna11
2926,Tmem183a
2927,Mpdu1
2928,Ccdc124
2929,Setd7
2930,Mtss1
2931,Parp3
2932,Ilf3
2933,Khsrp
2934,Gabarapl2
2935,Prelid3b
2936,Nedd4l
2937,Fam171a1
2938,Nfic
2939,Pithd1
2940,Snrpe
2941,Dctn1
2942,Ift122
2943,Slc35d1
2944,Ash1l
2945,Aifm1
2946,Abraxas2
2947,Ppp1r12c
2948,Ufd1
2949,Mfsd2a
2950,Atp2c1
2951,Snrpa
2952,Pigk
2953,Asf1a
2954,Cdk5
2955,Impa1
2956,Ggta1
2957,Gpkow
2958,Atf2
2959,Ip6k2
2960,Serpinb6a
2961,Tmem38a
2962,Mydgf
2963,Crls1
2964,Rin2
2965,Erg28
2966,Mapk3
2967,Tdrd7
2968,Ifngr1
2969,BC005624
2970,Ufl1
2971,Pxdc1
2972,Lrrfip1
2973,Cdh4
2974,Tcn2
2975,Alg5
2976,C1qc
2977,Wdr41
2978,Mta1
2979,Ptbp1
2980,Ctss
2981,Mmp15
2982,Srgap1
2983,Tmem126a
2984,Farsb
2985,Safb
2986,0610012G03Rik
2987,Snapc2
2988,Ankrd17
2989,Rfc1
2990,Acbd3
2991,Usp2
2992,Snrnp27
2993,Atxn2l
2994,Cspp1
2995,Slc33a1
2996,Cfap54
2997,Lztr1
2998,Smo
2999,Fam174a
3000,Ajuba
3001,Letm1
3002,E130114P18Rik
3003,Phf3
3004,Phc2
3005,Mybbp1a
3006,Tmem223
3007,Txndc17
3008,Chmp1b
3009,Klhdc3
3010,Rtf2
3011,Rnf19a
3012,Elf2
3013,Sash1
3014,Arhgef10l
3015,Lancl1
3016,Ap1b1
3017,Dnajc15
3018,Gk
3019,Upf3a
3020,Zcrb1
3021,Ndufaf7
3022,Zfp652
3023,Pnpt1
3024,Wipi2
3025,Hnrnph2
3026,Nop58
3027,Fbxw5
3028,Crebbp
3029,Ddo
3030,Slc20a2
3031,Glrx5
3032,Dr1
3033,Ldlrad3
3034,Glmp
3035,Ss18
3036,Mtap
3037,Plin2
3038,Akr1b3
3039,Magt1
3040,Naa15
3041,Efhd2
3042,Ciao2a
3043,Tnr
3044,Stk3
3045,Tspan4
3046,Tle1
3047,Xpnpep1
3048,Inafm2
3049,Ubr2
3050,Rcan1
3051,Slc7a5
3052,Hmgcr
3053,Ubl7
3054,Lamtor3
3055,Hjurp
3056,Lsamp
3057,Wscd1
3058,1500011B03Rik
3059,Pttg1
3060,Mycbp2
3061,Tnpo1
3062,Fbxl5
3063,Cdc42bpa
3064,Them4
3065,Col1a1
3066,Tle4
3067,Map4k5
3068,Grik5
3069,Pitrm1
3070,Tox4
3071,Rtca
3072,Trak1
3073,Psme1
3074,Meis1
3075,Luc7l
3076,Man1a
3077,Rb1
3078,Eif3g
3079,Habp4
3080,Ncoa4
3081,Vps50
3082,Thyn1
3083,Amotl2
3084,Sh3gl1
3085,Mrpl48
3086,Kbtbd2
3087,Acp1
3088,Vcl
3089,Alg14
3090,Akr1b10
3091,Klhdc8b
3092,Fam216b
3093,Rtf1
3094,Lrrc59
3095,Dcaf4
3096,St8sia2
3097,Nsd1
3098,Kars
3099,Dda1
3100,Atp6v0a1
3101,Nsd3
3102,Pcm1
3103,Ccnl1
3104,Tfdp2
3105,Fip1l1
3106,P2ry1
3107,Tpst1
3108,Megf9
3109,Adam17
3110,Ccdc90b
3111,Btf3l4
3112,Paf1
3113,Gstz1
3114,Heg1
3115,Cmtm4
3116,Myh10
3117,Fig4
3118,Txndc16
3119,Enpp2
3120,Zfyve21
3121,Ppp2r5d
3122,Naga
3123,Col11a1
3124,Rela
3125,Erlec1
3126,Dab2
3127,Ier3ip1
3128,Ext2
3129,Pnkd
3130,Maco1
3131,H2az1
3132,Ablim1
3133,Ass1
3134,Tmub2
3135,Ap3d1
3136,Smim19
3137,Abcf2
3138,Tmem229a
3139,Cd200
3140,Ube2j2
3141,Nck2
3142,Fam168b
3143,Chm
3144,Nsmaf
3145,Atp5g1
3146,Erc1
3147,Capza1
3148,Ammecr1l
3149,Med10
3150,Traf7
3151,Mcc
3152,Birc2
3153,Tor3a
3154,Ccdc25
3155,Mpnd
3156,Polr2f
3157,Trir
3158,Erap1
3159,Hint2
3160,Tmem35a
3161,Micos13
3162,Prag1
3163,Sall2
3164,Mphosph8
3165,Gpd2
3166,Exoc7
3167,Mad2l2
3168,Slc25a20
3169,Mboat7
3170,Pnma8b
3171,Mbtps1
3172,Insig1
3173,Sec24d
3174,Mterf3
3175,Gnl1
3176,Wdr13
3177,Lgals3
3178,Plod1
3179,Fam20c
3180,Creb3
3181,Sec61b
3182,Gapvd1
3183,Rhog
3184,N4bp2l2
3185,Creg1
3186,Mta2
3187,Prps1
3188,Lifr
3189,Ndufs6
3190,Tbl1x
3191,Tenm3
3192,Lpp
3193,E2f5
3194,Btrc
3195,Gtf2e2
3196,Srr
3197,Ints10
3198,Dctn5
3199,Ifit2
3200,Repin1
3201,Washc5
3202,Prepl
3203,Usp11
3204,Kpnb1
3205,Hipk3
3206,Ldb1
3207,Ssbp1
3208,Galk2
3209,Ppp2r5e
3210,Sppl3
3211,Cds2
3212,Afg3l1
3213,Fbxo22
3214,Ppa1
3215,Mrps9
3216,Zbtb1
3217,Mast2
3218,Tshz1
3219,Oaf
3220,Ak5
3221,Abcf1
3222,Tmem167b
3223,4833420G17Rik
3224,Slc25a12
3225,Nelfb
3226,Anapc1
3227,Ntn4
3228,Maz
3229,Slc39a6
3230,Mro
3231,Crebzf
3232,Dpy19l3
3233,Adgrl1
3234,Rdh10
3235,Qdpr
3236,Ppp1r14b
3237,Cdk5rap2
3238,Scaper
3239,Aqr
3240,Ppil4
3241,Tmem64
3242,Afdn
3243,Ift20
3244,Rras
3245,Rasa1
3246,Kcnk1
3247,Afap1l2
3248,Tnfaip8
3249,Ano10
3250,Isoc1
3251,Nudt11
3252,Ip6k1
3253,Cnppd1
3254,Nfat5
3255,Smap1
3256,Ppp2r2d
3257,Inpp5a
3258,Maml2
3259,Ankrd10
3260,Haus2
3261,Eif1a
3262,Rnf149
3263,Mbd1
3264,Tardbp
3265,Eny2
3266,Gtf3c6
3267,Atosa
3268,Usp15
3269,Rabggtb
3270,1600012H06Rik
3271,Nxn
3272,Ssu72
3273,Coro2b
3274,Ddx47
3275,Lztfl1
3276,Tex264
3277,Rars
3278,Atpif1
3279,Abhd17c
3280,Srek1ip1
3281,Psmd3
3282,Xpo5
3283,Gabra4
3284,Ppp2r1b
3285,Ccser2
3286,Lamtor5
3287,Fkbp14
3288,Tcta
3289,Srp19
3290,Rnf144a
3291,Mrpl15
3292,Tbc1d12
3293,Prpf18
3294,Brms1l
3295,Ndufa11
3296,Psme3ip1
3297,Thrap3
3298,Epb41l4a
3299,Nipa2
3300,Itch
3301,Polr2e
3302,Dbn1
3303,Sox1
3304,Plpbp
3305,Commd7
3306,Cnpy3
3307,Nup88
3308,Rnpc3
3309,Cpt2
3310,Amotl1
3311,Arhgef17
3312,Tmem222
3313,Scrg1
3314,Bscl2
3315,Ebna1bp2
3316,Tgs1
3317,Cenpb
3318,Tmem128
3319,Abhd6
3320,Atp2b1
3321,Lsm12
3322,Sptlc1
3323,Flvcr1
3324,Srxn1
3325,Mrpl36
3326,Arl5a
3327,Cnot4
3328,Pdcl3
3329,Mrpl3
3330,Ssr4
3331,Rbm6
3332,Pnpla2
3333,Esf1
3334,Pik3ca
3335,Trio
3336,Aprt
3337,Tmem255a
3338,Gm11992
3339,Mmgt1
3340,Ddx52
3341,Lmna
3342,Cog6
3343,Akap8l
3344,Hgsnat
3345,Nktr
3346,Speg
3347,Coro1b
3348,Lrrc40
3349,Tent2
3350,Bmp2k
3351,Csnk1g3
3352,Fbxo21
3353,Pdk1
3354,Lrp6
3355,Tmem132b
3356,Mrpl41
3357,Kpna2
3358,Mtmr2
3359,Rab5b
3360,4931406C07Rik
3361,Crbn
3362,Exoc1
3363,Trappc3
3364,Mnat1
3365,Ubxn7
3366,Clasp2
3367,Dapk1
3368,Mipep
3369,Ncald
3370,Mtx2
3371,Nphp1
3372,Ints13
3373,Elp5
3374,Cluh
3375,Atf6b
3376,5730455P16Rik
3377,Hmbox1
3378,Nmt2
3379,Pepd
3380,Pdgfrl
3381,Plgrkt
3382,Mier1
3383,Map3k7
3384,Ncaph2
3385,Lpin1
3386,Zfp687
3387,Zdhhc4
3388,Cers5
3389,Trappc4
3390,Zfp867
3391,Gsdme
3392,Zfp740
3393,Zkscan3
3394,Tmf1
3395,Hspb6
3396,Ecd
3397,Gsr
3398,Parn
3399,Tcp11l1
3400,Nsun2
3401,Smoc1
3402,Myh9
3403,Pop4
3404,Gpx3
3405,Csnk1g2
3406,Ublcp1
3407,Itih5
3408,Marchf2
3409,Cacfd1
3410,Zranb1
3411,Ptbp2
3412,Dcaf11
3413,Isca1
3414,Ints4
3415,Rit1
3416,Acer3
3417,1810030O07Rik
3418,Ccdc3
3419,Golga5
3420,Cd302
3421,Dnali1
3422,Camk2g
3423,Ago2
3424,Bckdk
3425,Smim30
3426,Yap1
3427,Me2
3428,Rps6kb1
3429,3830406C13Rik
3430,Uqcc2
3431,Ap3b1
3432,Tmem129
3433,Acad11
3434,Supt5
3435,Galnt16
3436,Taok3
3437,Ints8
3438,Abhd3
3439,Cul4b
3440,Por
3441,Slc22a23
3442,Arl4c
3443,Tmem168
3444,Ccnd3
3445,Yes1
3446,Emc4
3447,Vps37a
3448,Cfap44
3449,Aldh2
3450,Ralgapa1
3451,Cirbp
3452,Nr1d2
3453,Bag3
3454,Mif4gd
3455,Polr2d
3456,Upf1
3457,Cycs
3458,Actn1
3459,Yeats2
3460,Cipc
3461,Thnsl1
3462,Yipf1
3463,Rap2a
3464,Ubac2
3465,Timm21
3466,Tnfrsf21
3467,Arpc1b
3468,Eif2b5
3469,Pigt
3470,Taf10
3471,Tcaim
3472,Fam114a1
3473,Entrep1
3474,Cbx1
3475,Cebpz
3476,Dnajb6
3477,Zfp266
3478,Pik3r2
3479,Clcc1
3480,Tbcel
3481,Cndp2
3482,Ntan1
3483,Smarcd3
3484,Jagn1
3485,Rfxap
3486,Slc25a10
3487,Mrpl51
3488,Mrps25
3489,Sec24c
3490,Hras
3491,Nr1h2
3492,Dmtf1
3493,Gkap1
3494,Ndrg4
3495,Cers4
3496,Traf1
3497,Rps6ka1
3498,Gtf2e1
3499,Stk16
3500,Ap2a1
3501,Gnl2
3502,Ufsp2
3503,Bcr
3504,Tril
3505,Inpp5f
3506,Fbxo38
3507,Zc3h7a
3508,Slc25a16
3509,Trp53bp1
3510,Irf9
3511,Chchd1
3512,Snrpd3
3513,Exoc2
3514,Kdm5c
3515,Wipi1
3516,Atxn1
3517,Tagln3
3518,Lin52
3519,Rabgap1
3520,Padi2
3521,Eif2ak1
3522,Tcerg1
3523,Zfp62
3524,Stag2
3525,Lfng
3526,Lrfn4
3527,Pi4k2a
3528,Arhgef19
3529,Svbp
3530,Zdhhc3
3531,Srprb
3532,Chd7
3533,Pisd
3534,Sema6a
3535,Tmem63b
3536,Med1
3537,Fbxo25
3538,Kdm5a
3539,Dap
3540,Bbs2
3541,Kdm2a
3542,Suox
3543,Aff1
3544,Timm44
3545,Zfp68
3546,Lman2l
3547,Cfap300
3548,Prkar2a
3549,Orc2
3550,Mapt
3551,Ube2z
3552,Ppp2r3a
3553,Pierce2
3554,Lgals8
3555,Prmt5
3556,Vapb
3557,Tbrg1
3558,Atp6v0c
3559,Zfp609
3560,Ninj1
3561,Sall1
3562,Cbx3
3563,Dctn6
3564,Kcnj16
3565,Flii
3566,Lysmd2
3567,Pwp1
3568,Rnf167
3569,Romo1
3570,Casd1
3571,Cdc40
3572,Ccng2
3573,Uhmk1
3574,Samd4b
3575,Slc14a1
3576,Nhp2
3577,Elp4
3578,Sncaip
3579,Pde4dip
3580,Trip12
3581,Calcoco1
3582,Gpr107
3583,Polr2g
3584,Ythdc1
3585,Fam76a
3586,D5Ertd579e
3587,Yeats4
3588,Rabep1
3589,Sf3b3
3590,Nxf1
3591,Gtf2f1
3592,Ppp1r1a
3593,Pitpnm2
3594,Arhgap35
3595,Arih1
3596,Rwdd1
3597,Mrpl18
3598,Tlr3
3599,Dnajc9
3600,Tm9sf1
3601,Sf3b4
3602,Ehd2
3603,Ccm2
3604,Gcc2
3605,Dnajb14
3606,Mgat2
3607,Sod1
3608,Mgat4b
3609,Arhgap18
3610,Gnl3l
3611,Slco1a5
3612,Tnfrsf19
3613,Sec23ip
3614,Rps28
3615,Rbm22
3616,Snrnp200
3617,Wbp11
3618,Inppl1
3619,Senp2
3620,Ptcd3
3621,Strip1
3622,Adgra3
3623,Otud1
3624,Mrps23
3625,Rpp14
3626,Lrrc4b
3627,Gpr19
3628,Folh1
3629,Stk17b
3630,Plekha3
3631,Smarcd1
3632,Phf20
3633,Snx18
3634,Dusp14
3635,Gatad1
3636,Prr13
3637,Btg1
3638,Gbf1
3639,Scamp5
3640,Cstb
3641,Tmem256
3642,Eif6
3643,Rnmt
3644,Mfsd14a
3645,Reep1
3646,Unc119
3647,Cant1
3648,Chpf
3649,Pou3f2
3650,Plekhg2
3651,Rab32
3652,Cop1
3653,Csgalnact1
3654,Mrps15
3655,Ddr2
3656,Lrpprc
3657,Fkbp10
3658,Cxcl14
3659,Npr2
3660,Iqsec1
3661,Adgre1
3662,Tsc22d3
3663,Mgat1
3664,Ndufb3
3665,Samm50
3666,Arhgef40
3667,Pphln1
3668,Pgam5
3669,Dync2i2
3670,Ehd1
3671,Smad5
3672,Emsy
3673,Tdrkh
3674,Selenon
3675,Akt1s1
3676,Pip4p1
3677,Tmem127
3678,Rbm26
3679,Chka
3680,Cryz
3681,1110059E24Rik
3682,Dpy19l1
3683,Inpp5k
3684,Rb1cc1
3685,Lipa
3686,Hdac4
3687,Mrps7
3688,Nceh1
3689,Denn2b
3690,Snrpd2
3691,Chd9
3692,Golt1b
3693,Psmf1
3694,Trappc10
3695,Cln5
3696,Wdr43
3697,Hars
3698,Zmynd8
3699,Tafazzin
3700,Fam102a
3701,Usp1
3702,Rae1
3703,Bicd2
3704,Arid4b
3705,Prkra
3706,Polr1d
3707,Slc17a5
3708,Cdkn1b
3709,Tmem184b
3710,Mrpl27
3711,Nbn
3712,Tlk2
3713,Xrcc5
3714,Commd4
3715,Mynn
3716,Nop10
3717,Frg1
3718,Aga
3719,Arpin
3720,Ahdc1
3721,Cdc73
3722,Vwa8
3723,Entpd5
3724,Snx14
3725,Gtf2h1
3726,Ubxn8
3727,Stau2
3728,Msh6
3729,Pkp4
3730,Bpgm
3731,Czib
3732,Scn1b
3733,Snf8
3734,Ube3c
3735,Rspry1
3736,Mfsd11
3737,Foxn3
3738,Phf14
3739,Hpf1
3740,Ifit3
3741,Coro1c
3742,Mea1
3743,Psmb5
3744,Urod
3745,Cyb5r4
3746,Sft2d2
3747,Pax6
3748,Ramac
3749,Ago1
3750,Irak1
3751,Nsa2
3752,Ddhd1
3753,Bpnt1
3754,Lzic
3755,Hdgfl2
3756,Mrpl49
3757,Tspan17
3758,Cep83
3759,Cstf3
3760,Irak1bp1
3761,Abhd10
3762,Ndufaf4
3763,B230219D22Rik
3764,Dglucy
3765,Zfp445
3766,Oasl2
3767,Rapgef3
3768,Abhd16a
3769,Szrd1
3770,Mtmr3
3771,Med21
3772,Pcyt1a
3773,Auh
3774,Sox12
3775,Drg2
3776,Specc1
3777,Zfp638
3778,Nelfcd
3779,Cnot10
3780,Emg1
3781,Ankrd13a
3782,Klf6
3783,Galnt11
3784,Macir
3785,Tomm34
3786,Klf15
3787,Rnps1
3788,Mcfd2
3789,Mpdz
3790,Clpb
3791,G6pc3
3792,Trrap
3793,Vps11
3794,Atg5
3795,Metap1d
3796,Ngrn
3797,Trp53
3798,Tmbim1
3799,Cadm3
3800,Tpbg
3801,Tceal1
3802,Gskip
3803,Colgalt1
3804,Ostf1
3805,Iars
3806,Snta1
3807,Ndufab1
3808,Rigi
3809,Ak2
3810,Nfasc
3811,Fam216a
3812,Sf3a1
3813,Atp11a
3814,Lactb
3815,Med14
3816,Zfp651
3817,Dennd2a
3818,Pigq
3819,Eml1
3820,Xbp1
3821,Hacd4
3822,Smc5
3823,Magee1
3824,Slc39a13
3825,Myadm
3826,Pip5k1c
3827,Dmac1
3828,Hmgcl
3829,Ubp1
3830,Rrs1
3831,Zdhhc18
3832,Gzf1
3833,Ilkap
3834,Ifit1
3835,Cbr1
3836,Gabpa
3837,Impdh2
3838,Atrn
3839,Gap43
3840,Adsl
3841,Wbp1l
3842,Rars2
3843,Fzd8
3844,Hes6
3845,Arid4a
3846,Slc35a1
3847,Oxa1l
3848,Dnaja3
3849,Sgk1
3850,Guf1
3851,Clasp1
3852,Mpv17l2
3853,Tial1
3854,C330018D20Rik
3855,Sgms1
3856,Fam8a1
3857,Ralb
3858,Arx
3859,R3hdm1
3860,Rad23a
3861,Zfp871
3862,Tln1
3863,Ube2i
3864,Dnajb2
3865,Plod3
3866,Otx1
3867,Nsmce1
3868,Scaf1
3869,Tspan14
3870,Mia3
3871,Hnrnpa0
3872,Ppp4r3a
3873,Dlgap1
3874,Fam204a
3875,Pcif1
3876,Pigc
3877,Trafd1
3878,Gpr146
3879,Ptpmt1
3880,Vgll4
3881,Btd
3882,Mrpl37
3883,Ttc33
3884,Tmem100
3885,Sf3b5
3886,Klf7
3887,Sox11
3888,Srgap2
3889,Mxd4
3890,Xiap
3891,Dusp18
3892,Nkapd1
3893,4933407L21Rik
3894,Cry2
3895,Prdm16
3896,Nsrp1
3897,Synpo
3898,Fchsd2
3899,Ehmt2
3900,2410004P03Rik
3901,Bap1
3902,Nmd3
3903,Tnik
3904,Abr
3905,Fbxo30
3906,Sspn
3907,Gigyf2
3908,Nol11
3909,Baz1b
3910,Sdc3
3911,Smim45
3912,Ahi1
3913,Kcnip3
3914,Tgif1
3915,Zfp451
3916,Gria3
3917,Clpp
3918,Appl1
3919,Kdm5b
3920,Cacng7
3921,Mrpl12
3922,Pggt1b
3923,Uggt1
3924,Zfp386
3925,Myo9b
3926,Klf13
3927,Zfp644
3928,Bud31
3929,Prpf39
3930,Cdk9
3931,Man1a2
3932,Sptlc2
3933,Lonp1
3934,Ipo13
3935,Ptpn2
3936,Atosb
3937,Snrpb2
3938,Trim59
3939,Topors
3940,Akt2
3941,Dnajc2
3942,Phldb1
3943,Fxr2
3944,Yars
3945,Supt16
3946,Pgd
3947,Mrpl10
3948,Gmcl1
3949,Rictor
3950,Jak2
3951,Pomgnt1
3952,Ube2d1
3953,Fxyd1
3954,Gid8
3955,1110038F14Rik
3956,Rufy1
3957,Dtnbp1
3958,Zzz3
3959,Birc6
3960,Ccdc88c
3961,BC005537
3962,Hmg20b
3963,Tubb6
3964,Rbl2
3965,Hat1
3966,Map3k1
3967,Babam1
3968,Ppp4r1
3969,Syne1
3970,Tomm40
3971,Aen
3972,Nfyb
3973,Tmem29
3974,Mcu
3975,Cpsf2
3976,Cntn1
3977,Lbh
3978,Tor1aip1
3979,Gbp3
3980,Usp48
3981,Sec24b
3982,Epn2
3983,Hivep2
3984,Pcdh9
3985,Phb
3986,Cebpb
3987,Nt5c3
3988,Plaat3
3989,Ccdc59
3990,Elp3
3991,Smarcad1
3992,Rab6b
3993,Tmem201
3994,Tulp3
3995,Zfp277
3996,Abhd13
3997,Wdr75
3998,Ifitm2
3999,Tbc1d14
4000,Pef1
4001,Klhl23
4002,Vcpip1
4003,Atp13a3
4004,Smchd1
4005,Hbp1
4006,Gtpbp8
4007,0610009B22Rik
4008,Vps45
4009,Itpkb
4010,St3gal5
4011,Gcn1
4012,Mapk14
4013,Prkaa1
4014,Mrps21
4015,Glb1
4016,Pip4k2a
4017,Lrp11
4018,Dnajb1
4019,Rab3gap1
4020,Dbx2
4021,Cadps
4022,Gtf3c1
4023,Fbxw8
4024,Fbxo28
4025,Tmem245
4026,Slbp
4027,Gsto1
4028,Mvb12b
4029,Zfp131
4030,Pls1
4031,Fkbp2
4032,Csnk2a2
4033,Ppp1r10
4034,Adamts1
4035,Slc35f6
4036,Got2
4037,Noct
4038,Rdh14
4039,Smim20
4040,Stambp
4041,Atpaf2
4042,Ctsc
4043,Acp2
4044,Stxbp4
4045,Map2k5
4046,Trmt6
4047,Csad
4048,Spata2
4049,Slc1a4
4050,Pja1
4051,Nfu1
4052,Ezh2
4053,Tubgcp3
4054,Baz2b
4055,Nr3c1
4056,Dhx30
4057,Nenf
4058,Klf10
4059,Rab23
4060,Dync1li1
4061,Ube2q1
4062,Gabrb3
4063,Etfbkmt
4064,Pgm2
4065,Dnal4
4066,Cd99l2
4067,Vstm4
4068,Stam2
4069,Rrbp1
4070,Phldb2
4071,Rbm3
4072,Dpcd
4073,Garem2
4074,Atl3
4075,Pibf1
4076,Itga1
4077,Arfgef1
4078,Chchd6
4079,Vrk3
4080,Nasp
4081,Ap3s2
4082,5031439G07Rik
4083,Rbck1
4084,Dlg5
4085,Bola3
4086,Scyl1
4087,Retreg1
4088,Mrps18a
4089,Med13
4090,Dcaf13
4091,Arhgef9
4092,Mdp1
4093,Fam171a2
4094,Slc35f1
4095,Cln8
4096,Eif2b1
4097,Tbk1
4098,Sdccag8
4099,Cpne8
4100,Slc25a51
4101,Cdadc1
4102,Slc38a10
4103,Odf2
4104,U2af2
4105,Cdk5rap3
4106,Yipf6
4107,Ralgds
4108,Thoc1
4109,Ube4b
4110,Bbx
4111,Eif4e2
4112,Spats2l
4113,Rangap1
4114,Wapl
4115,Uchl3
4116,Oscp1
4117,Actr8
4118,Gusb
4119,Acad8
4120,Mcm3ap
4121,Rnf168
4122,Chmp7
4123,Gtf2b
4124,Nab1
4125,Mccc2
4126,Shisa9
4127,Coa8
4128,Mthfd2l
4129,Nploc4
4130,Anapc13
4131,Pik3c3
4132,Mars1
4133,Mob3b
4134,Thy1
4135,Phf6
4136,Tacc2
4137,Xylt1
4138,Enoph1
4139,Kat7
4140,Wdr70
4141,R3hdm2
4142,Mettl21a
4143,1700066M21Rik
4144,Agpat1
4145,Iqgap1
4146,Msi1
4147,Faim
4148,Utp6
4149,Ddx6
4150,Wasf2
4151,2510009E07Rik
4152,Ttc9c
4153,Kxd1
4154,Brd4
4155,Mfsd5
4156,Rnf41
4157,Fam133b
4158,Mrpl16
4159,Sh2b1
4160,Ptpn12
4161,Pcdhgc3
4162,Nf1
4163,Kif1c
4164,Nudt3
4165,Mapk8ip3
4166,Cyth3
4167,Bccip
4168,Pcyt2
4169,Gpd1l
4170,Aar2
4171,Tada3
4172,Prune2
4173,Rimoc1
4174,Lcmt1
4175,Cdc26
4176,Trappc12
4177,Plk2
4178,Tob2
4179,Aup1
4180,Furin
4181,Fmc1
4182,Apip
4183,Utp3
4184,Klhl22
4185,Parg
4186,Ppp1r9a
4187,Gfra1
4188,Zfp60
4189,Snx33
4190,Ctnnbl1
4191,Zfand1
4192,Cdk8
4193,Zfp639
4194,Letmd1
4195,Plekhf2
4196,Dnajc11
4197,Ndufb6
4198,Ndc1
4199,Mplkip
4200,Cdc5l
4201,Rnd2
4202,Eif4ebp2
4203,Atg13
4204,Creld2
4205,Tbl2
4206,Ctps2
4207,Tasor
4208,Osgin2
4209,Dtymk
4210,Rpl35
4211,Fzr1
4212,Mllt1
4213,Trim32
4214,Actl6a
4215,Slc35b4
4216,Endod1
4217,Clasrp
4218,Ykt6
4219,Rmnd5a
4220,Lypla2
4221,Necap1
4222,Irf2bpl
4223,Magi2
4224,C9orf72
4225,Arid2
4226,Ap2a2
4227,Gosr1
4228,Aldh1a1
4229,Macrod1
4230,Ubl4a
4231,Wdr36
4232,Mtfr1
4233,Mob2
4234,Tmem126b
4235,Cept1
4236,Pofut2
4237,Gemin7
4238,Rnpep
4239,Fam136a
4240,Use1
4241,Pard3b
4242,Rgs2
4243,Rabl2
4244,Mrpl32
4245,Tmem18
4246,Paxx
4247,Eea1
4248,Katnbl1
4249,Hnrnpf
4250,Dmpk
4251,Zfp606
4252,Krr1
4253,Psmd9
4254,Ccdc181
4255,Zfp367
4256,Crkl
4257,Med19
4258,Uhrf2
4259,Gm973
4260,Wtap
4261,Spast
4262,Cdk7
4263,Ampd2
4264,Traf3
4265,Uqcc1
4266,Pld2
4267,Eid2
4268,Nlgn1
4269,Prr14
4270,Ttc1
4271,Prpf38a
4272,Ttc28
4273,Nsdhl
4274,Aida
4275,Mmd
4276,Nat14
4277,Exosc10
4278,Kansl1
4279,Slc39a11
4280,Copz2
4281,Vegfb
4282,Manbal
4283,Atad3a
4284,Vps37c
4285,Soga1
4286,Man2b2
4287,Cgrrf1
4288,Eif3d
4289,Srcin1
4290,Cmtm3
4291,Ercc5
4292,Kat6b
4293,Thoc7
4294,Slc6a15
4295,C1qtnf6
4296,Wdr11
4297,Mtif2
4298,Clk3
4299,Mafg
4300,Fam20b
4301,Mpst
4302,Slf2
4303,Nabp2
4304,Tmem208
4305,Pierce1
4306,Enkur
4307,Ccdc85b
4308,Mis12
4309,Arid1a
4310,Trip11
4311,Prpf31
4312,Ifngr2
4313,Zfp655
4314,Dck
4315,Brd9
4316,Slc12a4
4317,Pdk4
4318,Nrip1
4319,Snrpd1
4320,Tppp3
4321,Lsm6
4322,Pik3c2a
4323,Tfe3
4324,Hnrnph3
4325,Cabin1
4326,Rest
4327,Surf1
4328,Cyp46a1
4329,Rpf1
4330,Abhd5
4331,2310061I04Rik
4332,Srp68
4333,Tlk1
4334,Mrpl40
4335,Hagh
4336,Usp39
4337,Taok2
4338,Bax
4339,Zfp318
4340,Hopx
4341,N4bp1
4342,Cdk13
4343,Bambi
4344,Rabl6
4345,Fam131a
4346,Lhfpl3
4347,Amz2
4348,Zbtb38
4349,Katnip
4350,Kat2b
4351,Dcun1d1
4352,Zfp219
4353,Lage3
4354,Tpgs1
4355,Parp1
4356,Aip
4357,Dhx9
4358,Btbd10
4359,Kctd20
4360,Nol12
4361,Nufip2
4362,Arl6ip6
4363,Sh3bp4
4364,Terf2
4365,Mxra7
4366,Timm22
4367,Chgb
4368,Nuak2
4369,Gipc1
4370,Rnf216
4371,Tbc1d23
4372,Cxcl10
4373,Tmem115
4374,Vps52
4375,Wdr7
4376,Rad17
4377,Eef1akmt2
4378,Snx24
4379,Med17
4380,Wdr20
4381,Zhx2
4382,Mindy1
4383,Bptf
4384,Supt20
4385,Mrps5
4386,Stx8
4387,Zscan21
4388,Snx9
4389,Nup98
4390,Rgl2
4391,Asb3
4392,Lrrc41
4393,Vps53
4394,Hdgfl3
4395,Pgrmc2
4396,Fam124a
4397,Capg
4398,Man2a2
4399,Mmp16
4400,Srrt
4401,Cnmd
4402,Asb13
4403,Fbxl17
4404,Osgep
4405,Phkg1
4406,Asxl2
4407,Creb1
4408,Acss2
4409,Pfkfb3
4410,Tpcn1
4411,Specc1l
4412,Ltn1
4413,Stim2
4414,Fam104a
4415,Pccb
4416,Wwp1
4417,Alcam
4418,AW209491
4419,Dph3
4420,Slc9a6
4421,Trim8
4422,Eri1
4423,Usp46
4424,Nifk
4425,Ikbkb
4426,Reps1
4427,Pdzrn3
4428,Eed
4429,Slc37a3
4430,Ankib1
4431,Ripor1
4432,Lrp4
4433,Zfp410
4434,Vasp
4435,Vps39
4436,Sdhaf4
4437,Pex6
4438,Cmpk2
4439,Il18
4440,Arid1b
4441,Slc22a4
4442,Spata7
4443,Ap1g1
4444,Fam91a1
4445,Cebpg
4446,Tmem175
4447,Me3
4448,Nudt21
4449,Mrps24
4450,Arih2
4451,Slc25a36
4452,Morn4
4453,Inhbb
4454,Tsc22d2
4455,Mccc1
4456,Tbccd1
4457,Ppp1r11
4458,Mrpl22
4459,Ube2q2
4460,Vegfa
4461,Inf2
4462,Fam76b
4463,Aimp1
4464,Epn1
4465,Herc1
4466,Limd1
4467,Nvl
4468,Naa40
4469,Usp7
4470,Ankmy2
4471,Arhgef18
4472,Tdp2
4473,Lnpep
4474,D030056L22Rik
4475,Armc2
4476,Pgp
4477,Adamtsl3
4478,Uap1
4479,Lrrfip2
4480,Cbr3
4481,Nes
4482,Becn1
4483,Cyp4v3
4484,Cox19
4485,Bloc1s5
4486,Ccl2
4487,Naa30
4488,Ccnt2
4489,Golga1
4490,Cyp20a1
4491,Odf2l
4492,Limk2
4493,Zmym4
4494,Mcts1
4495,Mrps35
4496,Nbeal1
4497,Ubn2
4498,Ints3
4499,Zfp281
4500,Phf23
4501,Vopp1
4502,Ctdspl2
4503,Sos1
4504,Dhrs7b
4505,Ccdc74a
4506,Pitpnm1
4507,Dpm2
4508,Cd2bp2
4509,Fam120b
4510,Zfp326
4511,Ift46
4512,Cab39l
4513,Coq5
4514,Ttc13
4515,Nsd2
4516,Far1
4517,Rbm45
4518,Nit2
4519,Cenpc1
4520,Safb2
4521,Snrnp48
4522,Tango2
4523,Tmem94
4524,Lamtor2
4525,Ankrd29
4526,Etv5
4527,Adrb1
4528,Zcchc14
4529,Plbd2
4530,Mrpl52
4531,Tmem230
4532,Foxo1
4533,Ap4s1
4534,Mrps31
4535,AU040320
4536,Casp12
4537,Idua
4538,2810004N23Rik
4539,Psmg2
4540,Prkab1
4541,Kpna6
4542,Btbd7
4543,Wnt5b
4544,Knop1
4545,Socs3
4546,Ctsh
4547,Fam184a
4548,Tmem80
4549,Tmem68
4550,Cttnbp2nl
4551,Inpp5b
4552,Taf2
4553,Ppm1d
4554,Trappc9
4555,Prmt1
4556,Scaf4
4557,Tmem248
4558,Hspbp1
4559,Ptp4a3
4560,Mrps2
4561,Camsap2
4562,Coq7
4563,Zfp365
4564,Chid1
4565,Msl3
4566,Azin2
4567,Tmem205
4568,Nudcd3
4569,Nedd1
4570,Cdkn2c
4571,Retsat
4572,Ankrd50
4573,Hsf2
4574,Ric8a
4575,Tmem41b
4576,Ndufs5
4577,Gatb
4578,Ogfrl1
4579,Hmg20a
4580,Otud5
4581,Pank1
4582,Bivm
4583,Ino80c
4584,Hcfc2
4585,Chfr
4586,Irf2bp1
4587,Cog4
4588,Pdlim7
4589,Mcm6
4590,Phospho2
4591,Ssna1
4592,Ranbp3
4593,Zfp330
4594,Zfp36
4595,Ano6
4596,Sgip1
4597,Efcab2
4598,Myef2
4599,Nt5c
4600,Commd10
4601,Slc30a7
4602,Pou6f1
4603,Kdm3b
4604,Ccdc186
4605,Emc1
4606,Hax1
4607,Sap30bp
4608,Tmtc3
4609,Sec16a
4610,Emp1
4611,Fus
4612,Spg7
4613,Pigx
4614,Adrm1
4615,Washc3
4616,Csnk1e
4617,Zpr1
4618,Mcrs1
4619,Rbms1
4620,Mpv17l
4621,Pfkl
4622,Ednra
4623,Nubp2
4624,Snrpn
4625,Hyal2
4626,Sipa1l1
4627,Triobp
4628,Pipox
4629,Trp53bp2
4630,Ago3
4631,Fbxo9
4632,Fads3
4633,Kdelr3
4634,Tns1
4635,Lsm1
4636,Phf10
4637,Apmap
4638,Coasy
4639,Akr7a5
4640,Yif1a
4641,Get4
4642,Chchd10
4643,Osmr
4644,Dpy30
4645,Dock4
4646,Nr1d1
4647,Psmd10
4648,Agap3
4649,Ociad2
4650,Trmt10c
4651,Txlna
4652,Nagk
4653,Ttc5
4654,Prkar2b
4655,Fat3
4656,Rab5if
4657,Resf1
4658,Eef1e1
4659,Mrpl24
4660,Rnf213
4661,Mecp2
4662,Med31
4663,Lrif1
4664,Rlf
4665,Rbp1
4666,Arhgap32
4667,Sarnp
4668,Zfp521
4669,Cdk19
4670,Atp8a1
4671,Dkc1
4672,Kdm3a
4673,Acyp2
4674,Lats2
4675,Grk2
4676,Jmjd1c
4677,Mfap3
4678,Rassf4
4679,Nolc1
4680,Taf11
4681,Fam50a
4682,Mrpl11
4683,Cep43
4684,Oplah
4685,B9d1
4686,Armc8
4687,Mink1
4688,2410004B18Rik
4689,Fbxo4
4690,Usp21
4691,Phf21a
4692,Klhl25
4693,Fam114a2
4694,Dact3
4695,Garem1
4696,Ubxn2a
4697,Plcb3
4698,Rc3h1
4699,Stmn1
4700,Ccnq
4701,Ankle2
4702,Sil1
4703,Cc2d2a
4704,Bcas3
4705,Zc3h7b
4706,Ddx56
4707,Ulk2
4708,Arhgap42
4709,Srpk1
4710,Rab30
4711,Utp18
4712,Jpt2
4713,Aak1
4714,Fam161b
4715,Pdgfra
4716,Hmox2
4717,Crb2
4718,Dapp1
4719,Pla2g12a
4720,St7l
4721,Gtf2f2
4722,Kdsr
4723,Coq2
4724,2210016F16Rik
4725,Dnajb13
4726,Usp10
4727,Sun1
4728,Psenen
4729,Aftph
4730,Arhgef2
4731,Dtx1
4732,Tipin
4733,Fjx1
4734,Ate1
4735,Gnai1
4736,Ctnnbip1
4737,Pdcd5
4738,Bcar3
4739,Syne2
4740,Trib2
4741,Agpat4
4742,Slc19a2
4743,Nfx1
4744,Cep350
4745,Herc4
4746,Ep300
4747,Ehbp1
4748,Bad
4749,Dnajc24
4750,Dnajc19
4751,Rev3l
4752,Zyx
4753,Tbce
4754,Vezt
4755,Decr2
4756,Lyrm2
4757,Pdlim2
4758,Rtp4
4759,Xrcc6
4760,Sord
4761,Optn
4762,Ankrd45
4763,Golm1
4764,Erh
4765,Zfp385a
4766,Raf1
4767,Med8
4768,Xpo6
4769,Arl2
4770,Amd1
4771,Ciapin1
4772,Zfp771
4773,1700123O20Rik
4774,Shprh
4775,Ncoa5
4776,Eif2d
4777,Ube2l6
4778,Zfp512
4779,Abhd14a
4780,Stk40
4781,Otulin
4782,Mrps10
4783,Notch3
4784,Eif2s3x
4785,Vps72
4786,Tbc1d17
4787,Ncs1
4788,Asns
4789,Podxl2
4790,Gnpda2
4791,Gls
4792,Fgd4
4793,Rngtt
4794,Oard1
4795,Galc
4796,Sympk
4797,Peg10
4798,Mrpl21
4799,Arap2
4800,Gpatch8
4801,Tbc1d10b
4802,Agbl3
4803,Nelfe
4804,Zfp280d
4805,Cdk14
4806,Pbdc1
4807,Bloc1s6
4808,Rex1bd
4809,Hspa14
4810,Pkp2
4811,Tnrc6a
4812,Ids
4813,Pds5a
4814,Vxn
4815,Nr2f2
4816,Opa3
4817,Dicer1
4818,Zfp423
4819,Zfp462
4820,Mcee
4821,Bnip3
4822,Klhl28
4823,Rpp30
4824,Timm50
4825,Gtf2h3
4826,Mettl16
4827,Dbt
4828,Rora
4829,Prep
4830,Slco1a4
4831,Amn1
4832,Sf3a3
4833,Akap8
4834,Git2
4835,Cetn4
4836,Acbd6
4837,Cdc42ep1
4838,Edem2
4839,Pomk
4840,Aph1b
4841,Ecpas
4842,Ankfy1
4843,Pqbp1
4844,Rprd1a
4845,Cnn1
4846,Tgfb1i1
4847,Mr1
4848,Zadh2
4849,Zfp869
4850,Sec11c
4851,Ints6l
4852,Skiv2l
4853,Nup50
4854,Marchf6
4855,Zrsr2
4856,Mrpl2
4857,Phf2
4858,Hmbs
4859,Ltbr
4860,Tmem131l
4861,Rragd
4862,Champ1
4863,Mphosph10
4864,AI987944
4865,Slc20a1
4866,Uhrf1bp1l
4867,Plekhh3
4868,Ier5l
4869,Lrrc8d
4870,Cfap126
4871,Cdh13
4872,Arrdc4
4873,Src
4874,Dtd1
4875,Ap1ar
4876,Camta1
4877,Ccdc32
4878,Trappc1
4879,Sh3glb2
4880,Nop56
4881,Itpa
4882,Mms19
4883,Ppp2r5b
4884,Arfip2
4885,Rdh11
4886,Armcx2
4887,Casp6
4888,Rab8a
4889,Rnf5
4890,Rab34
4891,Crtap
4892,Nt5c2
4893,Pdk3
4894,Pgs1
4895,Hexim1
4896,Smpd2
4897,Ppp1cc
4898,Abca3
4899,Lrp8
4900,Sec22a
4901,Polk
4902,Tbc1d7
4903,Immp1l
4904,Sap130
4905,Pmvk
4906,Agtpbp1
4907,Usp3
4908,Pank3
4909,Bcl6
4910,Stk39
4911,Amer2
4912,1700029J07Rik
4913,Lgalsl
4914,Plppr2
4915,Rreb1
4916,Nudt2
4917,Pcdh17
4918,Eif2ak2
4919,Chrac1
4920,Dalrd3
4921,Dynll2
4922,Acyp1
4923,Gpsm2
4924,Rc3h2
4925,Ddx46
4926,Sh3bgrl3
4927,Tcf7l1
4928,Cep170
4929,Zfp322a
4930,Zdhhc17
4931,Hyou1
4932,Ints6
4933,Ttc4
4934,Rlim
4935,Spr
4936,Ccar2
4937,Rexo4
4938,Zbtb41
4939,Smim11
4940,Metap1
4941,Uck1
4942,Morc3
4943,Naa60
4944,Eif4enif1
4945,Sall3
4946,Dnajb12
4947,Uros
4948,Usp33
4949,Dcun1d2
4950,Rbms3
4951,Tbpl1
4952,Tpmt
4953,Snx19
4954,Bbs4
4955,Naa20
4956,Gga1
4957,Anapc10
4958,Rbmxl1
4959,Fahd2a
4960,Blzf1
4961,Paxbp1
4962,Timm8b
4963,Atrnl1
4964,Nek1
4965,Ephb2
4966,Ubqln4
4967,Ptges2
4968,Slc12a7
4969,Bsdc1
4970,Ddx21
4971,Bst2
4972,Fdx1
4973,Anapc7
4974,Ireb2
4975,Cr1l
4976,Kmt2c
4977,Nkap
4978,Btbd2
4979,Mark4
4980,Prex1
4981,Rbm34
4982,Zkscan5
4983,Plcd1
4984,Cic
4985,Cyth2
4986,Pde1a
4987,Irf2
4988,Gnl3
4989,Kctd1
4990,Pard6g
4991,Plxna2
4992,Hcfc1
4993,Tmem260
4994,Pes1
4995,Pycr2
4996,Tfam
4997,Cflar
4998,Crtc3
4999,Napg
5000,Kcnc1
5001,Plrg1
5002,Scrn3
5003,Rasa3
5004,Sfswap
5005,Lamtor4
5006,N4bp2
5007,Rhbdd2
5008,Ncln
5009,Fam174b
5010,Top2a
5011,Nhlrc2
5012,Pde1b
5013,Hgs
5014,Josd2
5015,Pum2
5016,Hdac7
5017,Dynlt2b
5018,Mlh3
5019,Zbtb44
5020,Cdc27
5021,Slc41a2
5022,Cwf19l2
5023,Nsmce2
5024,Lcp1
5025,Stx2
5026,Atp13a2
5027,Vps13d
5028,Rbm4b
5029,Serf2
5030,Dyrk1a
5031,Proser1
5032,Ado
5033,Jarid2
5034,4930453N24Rik
5035,Fbxw9
5036,Rpl22l1
5037,Clk2
5038,Abcf3
5039,Nap1l5
5040,Mdm4
5041,Ilvbl
5042,Dnmbp
5043,Acot11
5044,Cog2
5045,Castor2
5046,Mef2a
5047,Gnpda1
5048,Stk11
5049,Zcchc7
5050,Tor1b
5051,Gmpr
5052,Afg1l
5053,Col1a2
5054,Pkn2
5055,Scn3b
5056,Pcnx4
5057,Aacs
5058,Sertm1
5059,Smpdl3b
5060,Spryd7
5061,Nudt18
5062,Taf1
5063,Nudt16l1
5064,Rprd1b
5065,Lancl2
5066,Arel1
5067,Mysm1
5068,Rab4a
5069,Rilpl2
5070,Siae
5071,Dhdds
5072,Ndufaf1
5073,Olfml1
5074,Bcl2l13
5075,Hprt
5076,Mrps12
5077,Gak
5078,Stxbp1
5079,Snx7
5080,Cnrip1
5081,2210016L21Rik
5082,Zer1
5083,Cyfip2
5084,Rabif
5085,Ralgapb
5086,Gba
5087,Rapgef2
5088,Dnlz
5089,Mn1
5090,Hltf
5091,Cdkl3
5092,Fbxo45
5093,Grhpr
5094,Eola1
5095,Stx16
5096,Mcm4
5097,Exosc9
5098,Mrpl57
5099,Luzp1
5100,Ripk1
5101,Eif4ebp1
5102,Med24
5103,Dhx29
5104,Sipa1l3
5105,Prrx1
5106,Dvl1
5107,Hars2
5108,L3mbtl3
5109,Avl9
5110,Zfp746
5111,Smarce1
5112,Rnf44
5113,Cd2ap
5114,Lrrcc1
5115,Pmepa1
5116,2010315B03Rik
5117,Ralgps1
5118,Tmem243
5119,Ccdc91
5120,Usp38
5121,Hsdl1
5122,Dkk3
5123,Mpc1
5124,Map3k20
5125,Leo1
5126,Mrpl38
5127,Cyb5d2
5128,Supt4a
5129,Apobec3
5130,Cdc34
5131,Gpc6
5132,Socs6
5133,Npepl1
5134,Parp12
5135,Dab2ip
5136,Thoc2l
5137,Wdr18
5138,Mtmr10
5139,Mtres1
5140,Rab35
5141,Cep57
5142,Tspan13
5143,Iws1
5144,Idnk
5145,Ing1
5146,Msrb2
5147,Spats2
5148,Vav3
5149,Wdfy2
5150,Armc3
5151,Ccdc43
5152,Stub1
5153,Ahcyl2
5154,Dexi
5155,Ngdn
5156,Git1
5157,Ctdnep1
5158,Elovl1
5159,Tnfrsf12a
5160,Pycrl
5161,Arhgap31
5162,Tgfbrap1
5163,Slain1
5164,D3Ertd751e
5165,Nipa1
5166,Tsen15
5167,Rfc2
5168,Wdr19
5169,Psrc1
5170,Ccny
5171,Cdyl
5172,Stim1
5173,Cry1
5174,Dym
5175,Nme7
5176,Tssc4
5177,Meaf6
5178,Rsph1
5179,Pdzd8
5180,Nacc1
5181,Snrnp40
5182,Mknk2
5183,Bloc1s2
5184,Wasf1
5185,Stard10
5186,Cacng5
5187,Pigu
5188,Pxn
5189,Tmem60
5190,Thbs3
5191,Fam210a
5192,Rabggta
5193,Eml4
5194,Mrps16
5195,Pabpn1
5196,Cfap69
5197,Fam149b
5198,Snx12
5199,Zfyve1
5200,Ankrd54
5201,Prkx
5202,Parp9
5203,Rnf185
5204,Mrpl46
5205,Snapc5
5206,Glrx
5207,Clcn7
5208,Timm17b
5209,Elmod2
5210,Dapk3
5211,Hmgcll1
5212,Med4
5213,Tdrd3
5214,Nup85
5215,Gatc
5216,Bri3bp
5217,Zmym6
5218,Foxk2
5219,Diaph3
5220,Med13l
5221,Wwox
5222,Tpst2
5223,Rpap2
5224,Poglut3
5225,Pcgf5
5226,Mrps33
5227,Nme1
5228,Fut10
5229,Tsfm
5230,Arf6
5231,Patz1
5232,Nub1
5233,Ruvbl1
5234,Itgb1bp1
5235,Fam193a
5236,Nat8f4
5237,Ccdc92
5238,Zfp317
5239,Tarsl2
5240,Dpp3
5241,Atp9b
5242,C1ql3
5243,Znrf2
5244,Xrn1
5245,Top3b
5246,Samd8
5247,U2af1
5248,Cxxc1
5249,Taf12
5250,Cmas
5251,Jakmip2
5252,Arhgef1
5253,Gdap2
5254,Ubap2
5255,Parp11
5256,Atg4b
5257,Sde2
5258,Sharpin
5259,Sec61g
5260,St6galnac4
5261,Pspc1
5262,Ncdn
5263,Ptpn9
5264,Arl6ip4
5265,Crim1
5266,Ubqln2
5267,Ppp1r16a
5268,Uchl5
5269,Prdx4
5270,Samd5
5271,Arl13b
5272,Mrpl33
5273,Med9
5274,Zbtb7a
5275,Lmbr1
5276,Ints2
5277,Zfp942
5278,Tbc1d20
5279,Ankrd49
5280,Tug1
5281,Ifit3b
5282,Ice1
5283,Slc25a44
5284,Ppp1r37
5285,Nell2
5286,Smim1
5287,Asxl1
5288,Gpr108
5289,B3gat1
5290,Senp7
5291,Kansl2
5292,Psme4
5293,Dennd4a
5294,Rap2c
5295,Ift43
5296,Rap1gap
5297,Rcn3
5298,Dnajb5
5299,Gpnmb
5300,Zmiz2
5301,Tmem218
5302,Fbxl16
5303,Slc25a33
5304,Med15
5305,Dmac2l
5306,Baiap2
5307,Stx18
5308,Eps15l1
5309,Wdr77
5310,Parp2
5311,Bms1
5312,Dync2h1
5313,Npc1
5314,Mrpl35
5315,Mier3
5316,Laptm5
5317,P3h4
5318,Usf1
5319,Mob1b
5320,Fam181b
5321,Tut7
5322,Fbxl20
5323,Atf5
5324,Tmem107
5325,Snrk
5326,Akip1
5327,2310011J03Rik
5328,Fars2
5329,Lsg1
5330,Rwdd4a
5331,Ascc1
5332,Ap5m1
5333,Kdm7a
5334,Suz12
5335,Tsc2
5336,Nkiras2
5337,Chmp6
5338,Sestd1
5339,Trim27
5340,Pgap2
5341,Gramd1a
5342,Hfe
5343,Togaram1
5344,Pacsin3
5345,Tspo
5346,Slc18b1
5347,Kdm4c
5348,Antxr1
5349,Dnttip1
5350,Setd2
5351,Cd14
5352,Wdr47
5353,Syt17
5354,Dnah9
5355,Sowahc
5356,Elk4
5357,Mark2
5358,Miga1
5359,Ston2
5360,Sugp1
5361,Txnl4a
5362,Cpsf7
5363,Myh14
5364,Arfgap1
5365,H2aj
5366,Rbm43
5367,Nek4
5368,Evi5l
5369,Tasor2
5370,Tmem109
5371,Cnot1
5372,Msh2
5373,Cyp2j9
5374,Igfbpl1
5375,Tmem67
5376,Iqcb1
5377,Clba1
5378,Apc2
5379,Bcl7b
5380,Cog3
5381,Xpo7
5382,Ppp1r8
5383,Gpr180
5384,Stk4
5385,Tmcc1
5386,Pafah2
5387,Fnbp4
5388,Hsf1
5389,Chchd4
5390,Agtrap
5391,Adgrb2
5392,Kctd6
5393,Nt5m
5394,Katna1
5395,Ptprm
5396,Wdr12
5397,Socs5
5398,Prkd3
5399,Csgalnact2
5400,Zyg11b
5401,Tubgcp2
5402,Gramd1b
5403,Cybb
5404,Oxnad1
5405,Polb
5406,Bltp1
5407,Ppp1r21
5408,Rab36
5409,Golga4
5410,Chd1
5411,Nip7
5412,Cbx4
5413,Bbc3
5414,Fbln5
5415,Vars
5416,Rsph9
5417,Zdhhc2
5418,Rnf111
5419,Tbc1d2b
5420,Cwc22
5421,Gnptab
5422,Hivep3
5423,Pcna
5424,Il1rap
5425,Dpagt1
5426,Drc1
5427,Polr2a
5428,Mettl14
5429,Trnau1ap
5430,Riok1
5431,Ctxnd1
5432,Setdb1
5433,Frmd3
5434,Cinp
5435,Ntmt1
5436,Ppil1
5437,Mtln
5438,Fbxo11
5439,Aldh9a1
5440,Kank1
5441,Nsf
5442,Coa6
5443,Srd5a3
5444,Mettl6
5445,Arsa
5446,Mmp2
5447,Rilpl1
5448,Acads
5449,Patl1
5450,Numbl
5451,Tor1a
5452,Pigm
5453,Msrb3
5454,Cplane1
5455,Thumpd1
5456,Ercc4
5457,Hdac5
5458,Itga7
5459,Ankrd6
5460,Wdr48
5461,Def8
5462,Ankrd26
5463,Tbp
5464,Mios
5465,Trip6
5466,Ttll1
5467,Aox1
5468,Keap1
5469,Sobp
5470,Rragb
5471,Mrpl58
5472,Washc4
5473,Snu13
5474,Rubcn
5475,Rsl24d1
5476,Mrpl34
5477,Ankrd28
5478,Akap12
5479,Dcaf5
5480,Bmper
5481,Ltv1
5482,Helz
5483,Nbea
5484,Dcaf17
5485,Zc3h18
5486,Stmn2
5487,Uspl1
5488,Pan3
5489,Sh3d19
5490,Eya1
5491,Snrpg
5492,Iffo1
5493,Sqor
5494,Manea
5495,Tubb3
5496,Ints14
5497,Hmgb3
5498,Orai3
5499,Pacs2
5500,Caskin1
5501,Sgk3
5502,Tmcc3
5503,Rpain
5504,Msl1
5505,Fam98a
5506,Rapgef1
5507,Fam210b
5508,Rmnd5b
5509,Asphd2
5510,Slc39a1
5511,St3gal2
5512,Zfp426
5513,Xab2
5514,Mamdc2
5515,Cilk1
5516,Zfp35
5517,Shc3
5518,Brf1
5519,Uqcc3
5520,Entr1
5521,Rif1
5522,Mon2
5523,C2cd3
5524,Faap20
5525,Gm1673
5526,Golga2
5527,Cwc27
5528,Diaph2
5529,Senp3
5530,Bcl9l
5531,Znhit1
5532,Asap2
5533,Stxbp5
5534,Mospd2
5535,Tusc2
5536,Cep170b
5537,Rbbp5
5538,Synj1
5539,Ranbp2
5540,Selenom
5541,Commd9
5542,Ints9
5543,Kif2a
5544,Fam193b
5545,Axin1
5546,Acad9
5547,Ppp2r3c
5548,Eva1a
5549,Mepce
5550,Ccdc30
5551,Flywch1
5552,Nop14
5553,Ccdc122
5554,Ss18l2
5555,Rcbtb1
5556,Fbxo6
5557,Iqce
5558,Dzip3
5559,Cbr4
5560,Nsg1
5561,Rbpj
5562,H2-T22
5563,Fam118b
5564,Sel1l3
5565,Irf3
5566,Kansl3
5567,Itpk1
5568,Garnl3
5569,Gpc1
5570,Il11ra1
5571,Erf
5572,Ppfia1
5573,Fbf1
5574,Dhrs4
5575,Tox3
5576,Zfp943
5577,Rnf40
5578,Ptpdc1
5579,Per3
5580,Sugct
5581,Igtp
5582,Cers1
5583,Ppox
5584,Arhgef10
5585,Plin3
5586,Slk
5587,Usp53
5588,Cnot11
5589,Fxyd6
5590,Snrpc
5591,Fbxl4
5592,Nom1
5593,Tubb4a
5594,Zdhhc8
5595,Pigyl
5596,Adgrb1
5597,Zmym5
5598,Mrs2
5599,Phf5a
5600,Mlf1
5601,Arfrp1
5602,Dlg4
5603,Nrf1
5604,Polr2c
5605,Traf4
5606,Cars
5607,Nfyc
5608,Gys1
5609,Cntrl
5610,Oma1
5611,Gtf2h2
5612,Scnm1
5613,Prcp
5614,Znfx1
5615,Gsk3a
5616,Dync2i1
5617,Fhip2a
5618,Ccs
5619,Riok2
5620,Kank4
5621,Ccdc191
5622,Tpra1
5623,Slmap
5624,Stoml1
5625,Trappc2
5626,Zfp37
5627,4930523C07Rik
5628,Foxj3
5629,Sytl2
5630,Dnmt3a
5631,Zfp672
5632,S100b
5633,Sap30l
5634,Zfp110
5635,Virma
5636,Dop1b
5637,Slc6a6
5638,Fpgt
5639,Klhdc10
5640,Ftsj3
5641,Osbp
5642,Aldh18a1
5643,Ptpn21
5644,Pak3
5645,Gpr137
5646,Ptprt
5647,Edem3
5648,Dmxl1
5649,Orc5
5650,Coq6
5651,Caap1
5652,Rps6ka5
5653,Synrg
5654,Tor2a
5655,Iah1
5656,Nf2
5657,Sema3c
5658,Ubxn2b
5659,Nup214
5660,Trappc8
5661,Fbxw7
5662,Bbs7
5663,Gtf3c5
5664,Rrm2
5665,Clip1
5666,Rgs12
5667,Tuba4a
5668,Scrib
5669,Nnat
5670,Mbip
5671,Dhx35
5672,Bin1
5673,Ppp4r2
5674,Fam120c
5675,Ppp1r15b
5676,Osbpl11
5677,Tln2
5678,Tmem120a
5679,Acsf2
5680,Trappc2l
5681,Fitm2
5682,Cerk
5683,Ugcg
5684,Cbs
5685,Tmem38b
5686,Dcaf6
5687,Utp4
5688,Dnajc14
5689,Uck2
5690,Ankrd13b
5691,Irgm2
5692,1700025G04Rik
5693,Vkorc1l1
5694,Tbc1d31
5695,Chic1
5696,Bri3
5697,Gtf3c3
5698,Rgmb
5699,Uxs1
5700,Katnal2
5701,Ly6h
5702,Slc39a9
5703,H2ax
5704,Slco3a1
5705,Wdtc1
5706,Ttc17
5707,Zdhhc13
5708,Snx32
5709,Slitrk2
5710,Paxip1
5711,Ddx3y
5712,Tex10
5713,Rassf2
5714,Snx25
5715,Fbxl14
5716,Fkbp15
5717,Pdgfa
5718,Cog7
5719,Scara3
5720,Rrp7a
5721,Acp6
5722,Clec16a
5723,Rnaseh2b
5724,Mrpl55
5725,Cherp
5726,Mtpap
5727,Orai1
5728,Pex5
5729,Gm5617
5730,Supt7l
5731,Mdfic
5732,2610008E11Rik
5733,Zdhhc21
5734,Tyw1
5735,Atp5g2
5736,Nop9
5737,Col9a3
5738,Zfp719
5739,Mlh1
5740,Hsd17b11
5741,Tbcd
5742,Wdr73
5743,Nt5c3b
5744,St6galnac6
5745,Steap3
5746,Zbtb25
5747,Kif3b
5748,Atg2b
5749,Phc3
5750,Rhbdd1
5751,Fam53b
5752,Abhd11
5753,Retreg3
5754,Rhbdf1
5755,Litaf
5756,1500009L16Rik
5757,Eif2b4
5758,Nqo2
5759,Atxn7
5760,Adgra1
5761,Serinc5
5762,Mok
5763,Snrpa1
5764,Gnas
5765,R3hdm4
5766,Vangl1
5767,Znrf1
5768,Klf9
5769,Sms
5770,Cyld
5771,Cast
5772,Rgs3
5773,Heatr3
5774,Ikbkg
5775,Omd
5776,Polr1c
5777,Rhou
5778,Fer
5779,Zfp46
5780,Sertad2
5781,Rufy2
5782,Kif9
5783,Lemd2
5784,Epm2aip1
5785,Trim24
5786,Pak4
5787,Hps5
5788,Scamp3
5789,Pard3
5790,Tmem62
5791,Ucma
5792,Schip1
5793,Epha4
5794,Cep104
5795,Acap3
5796,Ep400
5797,Fibp
5798,Rnf166
5799,Nkain4
5800,Actr6
5801,Cog8
5802,Smarcal1
5803,Zdhhc9
5804,Thbs2
5805,Ttpal
5806,Amph
5807,Aph1a
5808,Aldh3b1
5809,Wee1
5810,Dars2
5811,Mien1
5812,Epb41l3
5813,Commd2
5814,Fastkd2
5815,C2cd5
5816,Efnb2
5817,Pacc1
5818,Pold3
5819,Rab27b
5820,Ints7
5821,Clock
5822,Slc50a1
5823,Elmod3
5824,Vps33a
5825,Mrpl44
5826,Foxred1
5827,Abl1
5828,Rab11fip4
5829,Dolk
5830,Med30
5831,Stk38l
5832,Naglu
5833,Tgfbr2
5834,Preb
5835,Tekt1
5836,Ppp2r3d
5837,Mospd1
5838,Zfp362
5839,Celsr1
5840,Fndc4
5841,Fam135a
5842,Ctbs
5843,Bop1
5844,Rbsn
5845,C3ar1
5846,Zcchc8
5847,Jazf1
5848,Ssc5d
5849,Las1l
5850,Zdhhc24
5851,Gprasp1
5852,Ccdc174
5853,Carm1
5854,Cyp7b1
5855,Crlf3
5856,Slc25a15
5857,Pfn4
5858,Nsun3
5859,Fmnl2
5860,Slc11a2
5861,Nosip
5862,Rprd2
5863,Mllt3
5864,Gins4
5865,Fnbp1l
5866,Mfsd8
5867,Tshr
5868,Igf1r
5869,Nrp2
5870,Cnksr3
5871,Pdpk1
5872,Gpn1
5873,Rabgap1l
5874,Chchd7
5875,Dgcr2
5876,Cdk2ap1
5877,Wdr5
5878,Jmy
5879,Exd2
5880,Abcb8
5881,Hspg2
5882,Sbno2
5883,Zfp704
5884,Strada
5885,Gas8
5886,Bicd1
5887,Got1
5888,Smim13
5889,Sbf1
5890,Pip5k1a
5891,P3h2
5892,Pramel12
5893,Pcgf2
5894,Zfp622
5895,Tanc2
5896,Zbed3
5897,Vti1a
5898,Kat2a
5899,Cep63
5900,Tead2
5901,Gid4
5902,Dzip1
5903,Slc6a8
5904,Cstf1
5905,Zgpat
5906,Mpi
5907,Cnot9
5908,Wdsub1
5909,Nxpe4
5910,Sppl2b
5911,Metrnl
5912,Ost4
5913,Lrrc8a
5914,Slc6a11
5915,Pip4k2c
5916,Dtnb
5917,Cttnbp2
5918,Larp7
5919,Mrps30
5920,Evl
5921,Nipal3
5922,Fam81a
5923,Ndufaf2
5924,Grk6
5925,Hdac9
5926,Casc3
5927,Cyp1b1
5928,Lyn
5929,Prr3
5930,Nudcd1
5931,Rrp36
5932,Homez
5933,Bcl9
5934,Cdk1
5935,Ecm1
5936,Myo9a
5937,Fbxo42
5938,Clcn2
5939,R3hcc1l
5940,Msantd3
5941,Capn1
5942,Zfp516
5943,Rnf121
5944,Ehmt1
5945,Vps13b
5946,Gfod2
5947,Wdyhv1
5948,Rtn4ip1
5949,Stat2
5950,Csnk2a1
5951,Osbpl6
5952,Ylpm1
5953,Prpf40b
5954,Acat2
5955,Hddc2
5956,Coq8b
5957,Slc4a2
5958,Ebpl
5959,Xrcc4
5960,Cyp4f13
5961,Mcoln1
5962,Nit1
5963,Ccdc39
5964,Numb
5965,Gfer
5966,Ccdc12
5967,Stard3
5968,Snph
5969,Foxj2
5970,Farsa
5971,Arl16
5972,Fut9
5973,Cep120
5974,Fbxo36
5975,Lhpp
5976,Fam149a
5977,Tap1
5978,Apeh
5979,Cdh6
5980,Ilrun
5981,Adgrb3
5982,Nudt5
5983,Shmt2
5984,Tlcd1
5985,Polr1f
5986,Zfp608
5987,Kctd2
5988,Zfp160
5989,Isg20l2
5990,Pdap1
5991,Spsb1
5992,Amot
5993,Kcnd3
5994,Imp4
5995,Lrp12
5996,Mfap3l
5997,Cmip
5998,Ghr
5999,Atg9a
6000,Thoc5
6001,Tcerg1l
6002,Mrpl47
6003,Mideas
6004,Cdon
6005,Aass
6006,Slc46a1
6007,Nmnat2
6008,Naf1
6009,Spef2
6010,Ndufaf3
6011,Dynlrb2
6012,Abcc4
6013,Fndc5
6014,Snapc3
6015,Rfx2
6016,Zfp800
6017,Enc1
6018,Mlx
6019,Cmc1
6020,Paip2b
6021,Urm1
6022,Ccdc173
6023,Pik3cb
6024,Ly6e
6025,Slc35a2
6026,Tmem179b
6027,Parp8
6028,Vmac
6029,St7
6030,Stag1
6031,Wdr37
6032,Mrps26
6033,Zc3h4
6034,Cdkal1
6035,Nckap5
6036,Plxna1
6037,Vps8
6038,Flcn
6039,Fam229b
6040,Swt1
6041,Spryd3
6042,Amdhd2
6043,Cd320
6044,Ipmk
6045,Ephx4
6046,Hacd1
6047,Thap11
6048,Tysnd1
6049,Usp18
6050,Slc25a19
6051,Trim26
6052,Hspb11
6053,Mllt10
6054,Rab7b
6055,Prrc1
6056,Slain2
6057,Elf1
6058,Lrrc14
6059,Amt
6060,Zfp397
6061,Agfg2
6062,1700037H04Rik
6063,Mta3
6064,Drp2
6065,Adam23
6066,Fbxo33
6067,Rsph4a
6068,Plekho2
6069,Pcgf3
6070,Kif13a
6071,Fndc3b
6072,Nif3l1
6073,Fndc3a
6074,Tanc1
6075,Vamp8
6076,Deaf1
6077,Gpr137b
6078,Cdkn2d
6079,Fam13a
6080,Card19
6081,Gng7
6082,Lhfpl2
6083,Timm10
6084,Rpa2
6085,Apool
6086,Dnajc28
6087,Klhdc8a
6088,Tjap1
6089,Carmil1
6090,Gmppa
6091,Lrrc28
6092,Apbb2
6093,Rpp25l
6094,Kdm4b
6095,Car5b
6096,Wasf3
6097,Hycc1
6098,Trappc6b
6099,Nat8l
6100,Exosc4
6101,Garre1
6102,Akap13
6103,Chac2
6104,Tmem11
6105,Zfp944
6106,Naa25
6107,Rnf38
6108,Itsn2
6109,Akap7
6110,2900026A02Rik
6111,Pds5b
6112,Srf
6113,Igfbp4
6114,Plekhf1
6115,Slc30a6
6116,Mxd1
6117,Adgrl2
6118,Pcnx
6119,Auts2
6120,Fem1c
6121,Jup
6122,B4galt2
6123,Ring1
6124,Rbm15b
6125,Lemd3
6126,Pygo2
6127,Spry2
6128,Cib2
6129,Mark1
6130,Ddx18
6131,Ipo8
6132,4930503L19Rik
6133,Phaf1
6134,Dph6
6135,Gcdh
6136,Brd3os
6137,Arhgap17
6138,Brd1
6139,Smim4
6140,Pcbp3
6141,Sfrp1
6142,Ifnar2
6143,Nr2f6
6144,Phactr2
6145,Swap70
6146,Samd4
6147,Poc5
6148,Gripap1
6149,Rbis
6150,Plpp6
6151,Mmgt2
6152,Ttpa
6153,Ttc23
6154,Mcm7
6155,Trmt2a
6156,Lmf2
6157,Gdpd1
6158,Fyco1
6159,Nek11
6160,Zfp830
6161,Efhd1
6162,Atp11b
6163,Ntpcr
6164,Gpatch11
6165,Glb1l2
6166,Tgm2
6167,Mapkapk3
6168,Ccdc107
6169,Psmb10
6170,Mvb12a
6171,Golga3
6172,Rgs7
6173,Zw10
6174,Lsm10
6175,Fcer1g
6176,Lrp1b
6177,Ric3
6178,Bckdhb
6179,Mrpl19
6180,Dab1
6181,Mrps22
6182,Aspscr1
6183,Crtc2
6184,Mgmt
6185,Mrps28
6186,Snapc1
6187,Tmem44
6188,Anks1
6189,Vasn
6190,Dis3l
6191,Fktn
6192,Ddx10
6193,Klhl11
6194,Chsy1
6195,Zfp12
6196,Cdkn2aip
6197,Ciao1
6198,Upf2
6199,Prdm2
6200,Morn2
6201,Acvr2a
6202,Dpysl4
6203,Dcaf10
6204,Pcid2
6205,Abhd2
6206,Vav2
6207,Nopchap1
6208,Mrpl1
6209,Tbl3
6210,Selenoi
6211,Slc26a6
6212,Sap30
6213,Gtf3c4
6214,Nkiras1
6215,Cpsf1
6216,Gpatch2
6217,Mospd3
6218,Uimc1
6219,Tubgcp5
6220,Mdk
6221,Msrb1
6222,Shroom2
6223,Dhcr7
6224,Mfap1b
6225,Bace1
6226,Dysf
6227,Mtm1
6228,Ubiad1
6229,Gabrg1
6230,Ebag9
6231,Gbp7
6232,Mtmr1
6233,Aptx
6234,Mtf2
6235,Chn1
6236,BC003965
6237,Fosl2
6238,Arl5b
6239,Robo2
6240,Gle1
6241,Dnaaf10
6242,Chd2
6243,Hs3st1
6244,Tbcc
6245,Entpd2
6246,Rbm10
6247,Ubr3
6248,Gopc
6249,Mto1
6250,Tubgcp4
6251,Mrto4
6252,Dguok
6253,Igsf1
6254,Csnk1g1
6255,Fgd1
6256,Pias4
6257,Rbfox2
6258,Pus7
6259,Thoc3
6260,Ankhd1
6261,Maip1
6262,Trappc5
6263,Pomt2
6264,Suco
6265,Kcna6
6266,Bbs9
6267,Chd8
6268,Lca5
6269,Rmc1
6270,E2f4
6271,Ephx2
6272,Vps13a
6273,1110059G10Rik
6274,Ppp6r2
6275,Uckl1
6276,Plekha2
6277,Nat8f1
6278,Sanbr
6279,Slc25a25
6280,Med22
6281,Camk2n1
6282,Pik3r4
6283,Arhgef25
6284,Sh3bp5l
6285,Aaas
6286,Mphosph6
6287,Adpgk
6288,Cul9
6289,Cpeb4
6290,Lnpk
6291,Elp1
6292,Dnajc13
6293,Smurf2
6294,Fbxo34
6295,Mettl23
6296,Zswim8
6297,Galnt18
6298,Tatdn3
6299,Btbd8
6300,Cacul1
6301,Coq4
6302,Rps19bp1
6303,Zcchc12
6304,Creld1
6305,Emx2
6306,Ino80d
6307,Cblb
6308,Med6
6309,Rai1
6310,Tlcd4
6311,Med23
6312,Kctd3
6313,Ccdc141
6314,Usp37
6315,Pogz
6316,Elk3
6317,Cuedc1
6318,Rnf19b
6319,Armc10
6320,Ppm1f
6321,Tecpr1
6322,Atg10
6323,Xxylt1
6324,Ttll12
6325,Ttc7b
6326,Tigd2
6327,Stx4a
6328,Spc25
6329,Nup153
6330,Bicc1
6331,Mib2
6332,Polr3c
6333,Pcyt1b
6334,Aldh5a1
6335,Taf1b
6336,Saa3
6337,Nlgn3
6338,P3h1
6339,Cfap410
6340,Lzts2
6341,Boc
6342,Esco1
6343,Eef1akmt1
6344,Sulf1
6345,Txlng
6346,Eif1ad
6347,Creb3l1
6348,Syngr2
6349,Tmem87b
6350,Pikfyve
6351,Polr2j
6352,Tfb2m
6353,Zfp113
6354,Lpin2
6355,Ctns
6356,Nrg1
6357,Trmt1
6358,Fbxo7
6359,Porcn
6360,Nudt10
6361,Ddx19a
6362,Entpd6
6363,Txnrd2
6364,Adcy8
6365,Mns1
6366,Nr2c2
6367,Tmem200a
6368,Nfkbiz
6369,Nexn
6370,Ptcd2
6371,Hmgn5
6372,Gfpt2
6373,Pxmp4
6374,Mapk1ip1l
6375,Edc4
6376,Lbp
6377,4933434E20Rik
6378,Znhit2
6379,R3hcc1
6380,Slc4a3
6381,Ptk7
6382,Lcorl
6383,Cenpt
6384,Plekhm2
6385,Eif3j1
6386,Nectin2
6387,Zbtb24
6388,Bdh2
6389,Ube2e1
6390,Pias3
6391,Nomo1
6392,Pmm2
6393,Rmdn1
6394,Odad4
6395,Rnf215
6396,Slc39a10
6397,Negr1
6398,Sema5b
6399,Cep162
6400,Tcf20
6401,Nup54
6402,Zfp267
6403,Arhgap23
6404,Zfp157
6405,Haus7
6406,Atp13a1
6407,Nav1
6408,Kctd10
6409,Rpf2
6410,Rab13
6411,Herpud1
6412,Dsn1
6413,Ifi44
6414,Arhgef7
6415,Med16
6416,Eda2r
6417,Cldn10
6418,Peak1
6419,Ocrl
6420,Usp30
6421,Baalc
6422,Tspyl2
6423,Cwc25
6424,Glb1l
6425,Fam53a
6426,Tnk2
6427,Trp53rka
6428,Timm9
6429,Pi4ka
6430,Tnks1bp1
6431,9930021J03Rik
6432,Ccdc96
6433,Wwp2
6434,Sart1
6435,Supt6
6436,Fam107a
6437,Hectd4
6438,Ibtk
6439,Map6
6440,Vps16
6441,Orc6
6442,Ccdc137
6443,Dele1
6444,Coq10a
6445,Cnot6l
6446,Tnks
6447,Anks3
6448,Stard13
6449,Kif21b
6450,Abcd1
6451,Adprm
6452,Hscb
6453,Nt5dc2
6454,Zdhhc7
6455,Tk2
6456,Dtd2
6457,Epc1
6458,Rtl6
6459,Trabd
6460,Taf6
6461,Triqk
6462,C1galt1c1
6463,Nek5
6464,Brap
6465,Cd59a
6466,Exosc1
6467,Cit
6468,Syde1
6469,Ripk2
6470,Sec24a
6471,Rnf113a2
6472,2510039O18Rik
6473,Gm7072
6474,Septin10
6475,Myg1
6476,Mrps11
6477,Rbm33
6478,Elovl6
6479,Dmrta2
6480,Tmem117
6481,Pla2g4a
6482,Gatad2b
6483,Uaca
6484,Dennd1a
6485,Cln3
6486,Klhl12
6487,Slc39a14
6488,BC034090
6489,Cend1
6490,Tasp1
6491,Atf1
6492,Hdhd5
6493,Wiz
6494,Ptrh2
6495,Cacng4
6496,Tut4
6497,Tada2a
6498,Rp9
6499,Dpysl5
6500,Crem
6501,Marf1
6502,Rcan3
6503,Stat1
6504,Ppp3cc
6505,Man2b1
6506,Sugp2
6507,Praf2
6508,Tmem216
6509,Pcdhga7
6510,B3galt5
6511,Zfp866
6512,Cbfa2t2
6513,Myorg
6514,Pank4
6515,Avpi1
6516,Usp40
6517,Ess2
6518,Mrpl43
6519,Map1s
6520,Mttp
6521,St3gal3
6522,Fbln1
6523,Ddx41
6524,Mcat
6525,Cbl
6526,Dcbld2
6527,Gpbp1l1
6528,Csk
6529,Shc1
6530,Hdac6
6531,Man1b1
6532,Rnf32
6533,Tmem160
6534,Rcor1
6535,Slc12a9
6536,Gfus
6537,Rad50
6538,Camta2
6539,Rasgef1b
6540,Klhl26
6541,Lynx1
6542,Tomm5
6543,Spa17
6544,Col4a6
6545,Prrx2
6546,Aard
6547,Cul7
6548,Pim3
6549,Zfp945
6550,Rab3gap2
6551,Zfp617
6552,Emd
6553,Phf12
6554,Mavs
6555,Rasa2
6556,Mrpl14
6557,Tmem161b
6558,B3galnt1
6559,Thop1
6560,Nelfa
6561,Atg7
6562,Zfp384
6563,Sos2
6564,Smpd4
6565,Slc12a2
6566,Coprs
6567,Dmac2
6568,Kcnn2
6569,Wnt7a
6570,Mmachc
6571,Gpn3
6572,Pag1
6573,Inip
6574,Ccdc58
6575,Ncoa6
6576,Usp34
6577,Cog1
6578,Pkd1
6579,Cdh10
6580,Rnpepl1
6581,Niban2
6582,Adnp2
6583,Vps54
6584,Ercc3
6585,Mef2c
6586,Peds1
6587,Ssh1
6588,Tfip11
6589,Tmem177
6590,Cox10
6591,Fzd6
6592,Kmt2b
6593,Tti1
6594,Zc3hc1
6595,Mdn1
6596,Acot9
6597,Cx3cl1
6598,D630045J12Rik
6599,Supv3l1
6600,Fut11
6601,Arrb2
6602,Gtf3c2
6603,Sertad1
6604,Ccnt1
6605,Fam151b
6606,Ccdc97
6607,Hs6st1
6608,Plekha7
6609,Smim12
6610,Atg16l1
6611,Bet1l
6612,Fam185a
6613,Rbfa
6614,Spag1
6615,Nprl2
6616,Omg
6617,Armcx1
6618,Pyurf
6619,Kdm4a
6620,Dusp6
6621,Gart
6622,Lrrc8b
6623,Nars2
6624,Gabpb1
6625,Atp7b
6626,Sik2
6627,Nuak1
6628,Alkbh8
6629,Mid1
6630,Arhgap39
6631,Aldh4a1
6632,Lrrc45
6633,Rnf182
6634,Stx17
6635,Ints1
6636,Alkbh3
6637,Insr
6638,Mthfsd
6639,Cpxm1
6640,Men1
6641,Exoc6
6642,Galt
6643,Fsd1l
6644,Sorcs1
6645,Tlr2
6646,Zfp950
6647,Nudt7
6648,Bdp1
6649,Pcf11
6650,Flnc
6651,B3gat3
6652,Il13ra1
6653,Atad2b
6654,Prpsap2
6655,Ppp1r14c
6656,Agps
6657,Atf6
6658,Alg11
6659,Exosc7
6660,Cnpy4
6661,Ermp1
6662,Zdhhc1
6663,Coq3
6664,Kirrel
6665,Fahd1
6666,Ncbp3
6667,Nsun4
6668,Itpr1
6669,Imp3
6670,Eaf1
6671,Foxp1
6672,Map3k19
6673,Zfp952
6674,Mau2
6675,Rras2
6676,Fam122a
6677,Gtf2ird1
6678,Zfc3h1
6679,Grpel2
6680,Ppil3
6681,Bclaf3
6682,N6amt1
6683,Flrt2
6684,Dpy19l4
6685,Rabgef1
6686,Dzip1l
6687,Atp9a
6688,Rexo1
6689,Zfp598
6690,Cox15
6691,L2hgdh
6692,Nol6
6693,Rps6ka2
6694,Ipp
6695,Rbms2
6696,Ppp1r15a
6697,Cep68
6698,4921524J17Rik
6699,Vac14
6700,Klhl21
6701,Usp32
6702,Ddx39a
6703,Ing3
6704,Pih1d2
6705,Sf3a2
6706,Polr3f
6707,Erlin1
6708,Epb41
6709,Tet2
6710,Selenoh
6711,Rfx7
6712,Ttl
6713,Ptpre
6714,Tmem101
6715,Brcc3
6716,Gigyf1
6717,Pot1a
6718,Rbm27
6719,Tmem199
6720,Fam222b
6721,Gne
6722,Fam110a
6723,Taf1d
6724,Tsr2
6725,Igf2r
6726,Kat8
6727,Josd1
6728,Egln2
6729,Ttc39c
6730,Ciao2b
6731,Colec12
6732,Mrpl54
6733,Apoo
6734,Recql
6735,Tdg
6736,Plscr4
6737,Sorcs2
6738,Edem1
6739,Arnt
6740,Med20
6741,Dyrk1b
6742,Sec61a2
6743,P2rx4
6744,Arxes1
6745,Nutf2
6746,Zfp523
6747,Pde9a
6748,Rmnd1
6749,Jmjd6
6750,Setx
6751,Tfcp2l1
6752,Zfp41
6753,Zfp449
6754,Rasl10b
6755,Nudt12
6756,Cenpx
6757,Tex9
6758,Heatr6
6759,Slc30a1
6760,Bcl2
6761,Agk
6762,Soga3
6763,Tet1
6764,Ptch1
6765,Ophn1
6766,Rint1
6767,Arfgef2
6768,Sirt7
6769,Asb6
6770,Pex12
6771,Plek
6772,Edc3
6773,Efhc1
6774,Arfgap2
6775,Htatip2
6776,Utp15
6777,H2-T23
6778,Dnaja4
6779,E130311K13Rik
6780,Vps37b
6781,Sardh
6782,Dmap1
6783,Fgd6
6784,Plxnc1
6785,Limd2
6786,Abitram
6787,Nbdy
6788,Capsl
6789,Zbtb6
6790,Zc4h2
6791,Ift88
6792,Slc45a4
6793,Rcl1
6794,Tent4b
6795,Tsku
6796,Dazap1
6797,Sumf2
6798,Spata13
6799,Eml3
6800,Mast4
6801,Lysmd3
6802,Mettl7a1
6803,Mknk1
6804,Irgq
6805,Cyth1
6806,Arfgap3
6807,Magoh
6808,Sart3
6809,Phactr1
6810,Mief1
6811,Zfp251
6812,Triap1
6813,Noa1
6814,Trpc1
6815,Mtus1
6816,Armcx3
6817,Myc
6818,Fcf1
6819,Ints11
6820,Ccdc117
6821,Cand2
6822,Xpc
6823,Sgsm2
6824,Ano8
6825,Osbpl8
6826,Akap10
6827,Trappc6a
6828,Olfml3
6829,Gps2
6830,Pcdhgb2
6831,Mtmr9
6832,Esyt2
6833,Klhl8
6834,Prps1l3
6835,B3gnt5
6836,Yae1d1
6837,Usf3
6838,Rnf214
6839,Large1
6840,Dhx57
6841,Mycbp
6842,Stox1
6843,Scmh1
6844,Bag2
6845,Galk1
6846,Lmbrd2
6847,Cdk12
6848,Prodh
6849,Utp20
6850,Ttc12
6851,Llph
6852,Usp54
6853,Plscr3
6854,Prpf4
6855,Fuom
6856,Npl
6857,Gli3
6858,Tsr3
6859,Tm2d3
6860,Lacc1
6861,Otud4
6862,2310057M21Rik
6863,Atmin
6864,Camsap1
6865,Scyl2
6866,Haus1
6867,Serf1
6868,Col12a1
6869,Ice2
6870,Fra10ac1
6871,Zxdc
6872,Mief2
6873,Ctf1
6874,Mettl15
6875,Ttll5
6876,Daxx
6877,Elmod1
6878,Ric8b
6879,Zfp763
6880,Mapk7
6881,Dgat1
6882,Psd3
6883,Nop16
6884,Elovl4
6885,Zfp931
6886,Hycc2
6887,Sin3a
6888,Setd1b
6889,Sod3
6890,Dpm3
6891,Msto1
6892,D6Wsu163e
6893,Plekha5
6894,Synj2bp
6895,Socs4
6896,Lrrc4
6897,Dhx16
6898,Natd1
6899,Rcor3
6900,Dhrs3
6901,Sdc1
6902,Ino80b
6903,Cdkn2aipnl
6904,Ska2
6905,Casp2
6906,Dock9
6907,Ccdc66
6908,Hip1
6909,Prmt7
6910,Ppat
6911,Apln
6912,Plcg1
6913,Usp42
6914,Zkscan17
6915,Lrch3
6916,Dpp9
6917,Obi1
6918,Taf3
6919,Ccdc71l
6920,Rab40c
6921,Exosc3
6922,Bud23
6923,Tmem214
6924,Bcl2l11
6925,Zfp2
6926,Timm23
6927,Tgfb3
6928,Mef2d
6929,Zfp280c
6930,Tbck
6931,Cyb561a3
6932,Il1r1
6933,Sigmar1
6934,Tyw5
6935,Armc9
6936,Hes1
6937,Tars2
6938,Layn
6939,Dgkz
6940,Ccdc148
6941,Zfp51
6942,Fbxl18
6943,Nckipsd
6944,Yif1b
6945,Crebrf
6946,Ttll3
6947,Nfatc3
6948,Kbtbd4
6949,Snx15
6950,Ahctf1
6951,Prpf3
6952,Pex11b
6953,Nrp1
6954,Cbll1
6955,Kctd18
6956,Mettl3
6957,Mtrfr
6958,Urgcp
6959,Ggact
6960,Slc25a38
6961,Rgs19
6962,1700003E16Rik
6963,Twf2
6964,Tmem150a
6965,Heatr5b
6966,Tmem219
6967,Nob1
6968,Zbtb4
6969,Nprl3
6970,6030458C11Rik
6971,Acot2
6972,Mdga2
6973,Glce
6974,Zfp87
6975,Samd14
6976,Acvr1b
6977,Pih1d1
6978,Prune1
6979,Nsmce3
6980,Thap7
6981,Gramd4
6982,Capn10
6983,Pde12
6984,Cfap97
6985,Gamt
6986,Mitd1
6987,Zfp768
6988,Borcs8
6989,Slc35b3
6990,C1s1
6991,Ctc1
6992,Bex2
6993,Traf2
6994,Polr2h
6995,Cdc42bpb
6996,Actr3b
6997,Crispld2
6998,Pck2
6999,Gpr179
7000,Prob1
7001,Ttc9
7002,Zfp874a
7003,Rnf123
7004,Mtx1
7005,Prdm4
7006,Dera
7007,Kitl
7008,Ten1
7009,Phrf1
7010,Rhbdd3
7011,Eif2ak4
7012,Trub2
7013,Kif3c
7014,Zfyve27
7015,C2cd2l
7016,Ero1a
7017,AI837181
7018,Akap6
7019,Grk4
7020,Srbd1
7021,Plp2
7022,Borcs5
7023,Sox5
7024,Armt1
7025,Gdpd5
7026,Lrriq1
7027,Inpp1
7028,Ubtd2
7029,Yars2
7030,Mettl5
7031,Zmym2
7032,Bin3
7033,Iqck
7034,Trip10
7035,Lrrc4c
7036,Rxrb
7037,Zcchc9
7038,Fat4
7039,Rap2b
7040,Rabepk
7041,Dcn
7042,Adal
7043,Eipr1
7044,Kif16b
7045,Siva1
7046,Zfp592
7047,Cep89
7048,Mul1
7049,Rab11fip5
7050,Col6a1
7051,Pacs1
7052,Pard6a
7053,Ints12
7054,Ppfibp1
7055,2610044O15Rik8
7056,Tmem250-ps
7057,Cep70
7058,Lmf1
7059,Dnmt1
7060,Npat
7061,Tcf19
7062,Iqcc
7063,Efl1
7064,Srfbp1
7065,Katnb1
7066,Mpeg1
7067,Ddx20
7068,Stat5b
7069,Mettl26
7070,1600014C10Rik
7071,Lrrk1
7072,Foxc1
7073,Nbas
7074,Trim30a
7075,Egln3
7076,Hsd17b7
7077,Mzt2
7078,Pus10
7079,Bcl7c
7080,Tfcp2
7081,Setbp1
7082,Mkks
7083,Alg9
7084,Cenpv
7085,Klc4
7086,P3h3
7087,Agt
7088,Rasl11a
7089,Trerf1
7090,Ddias
7091,Slc25a40
7092,Ptpn14
7093,Senp1
7094,Draxin
7095,Lsm8
7096,Casp7
7097,Nol10
7098,Txndc11
7099,Zfp667
7100,Tspyl4
7101,Tmem185b
7102,Smap2
7103,Pxmp2
7104,5730480H06Rik
7105,Ap5s1
7106,Naa16
7107,Rgs17
7108,Dus3l
7109,Tcirg1
7110,Lypd6
7111,Ndufb4
7112,Nrxn3
7113,Pcp4l1
7114,Slc22a5
7115,Ascc2
7116,Lsm14b
7117,Fam3a
7118,Trim33
7119,Anln
7120,Zfp383
7121,Cfap52
7122,Dusp1
7123,Rnf217
7124,Rnf220
7125,Gpaa1
7126,Scand1
7127,Atg4c
7128,Senp5
7129,Cd72
7130,Polg
7131,Zfp574
7132,Fem1a
7133,Steap2
7134,Epb41l1
7135,Ell2
7136,Ccdc102a
7137,Slc7a6os
7138,Carnmt1
7139,Fkrp
7140,Rnf170
7141,Sp1
7142,Meis3
7143,Adprs
7144,Ddit4
7145,Kin
7146,Ercc1
7147,Rell1
7148,Thap1
7149,Myo1c
7150,Ankrd42
7151,F8a
7152,Ppm1k
7153,Phc1
7154,Slc25a14
7155,Usp20
7156,Mbd5
7157,Vps9d1
7158,Qsox1
7159,Tram1l1
7160,Marveld1
7161,Racgap1
7162,Gatd1
7163,Nhsl1
7164,Pfdn6
7165,Nudt13
7166,Ranbp10
7167,1110065P20Rik
7168,Adamts9
7169,Slx1b
7170,Ctdsp1
7171,Caskin2
7172,Msra
7173,Ubxn11
7174,Mbtd1
7175,Ldb2
7176,Ankrd52
7177,Prkar1b
7178,Dot1l
7179,Frmd4a
7180,Aff3
7181,Mtmr12
7182,Terf1
7183,Meig1
7184,Kdm1b
7185,Hus1
7186,Rft1
7187,Ncapd2
7188,Lrp3
7189,Cacna2d3
7190,Slc25a53
7191,Cyb5r1
7192,Chrna4
7193,Trim12c
7194,Nfkb2
7195,Cfap298
7196,Trim11
7197,Ganc
7198,Ptpn4
7199,Dyrk3
7200,Prmt6
7201,Echdc2
7202,Etv6
7203,Sh3bgrl2
7204,Homer3
7205,Psmg1
7206,Plekhm3
7207,Aifm2
7208,Spata5
7209,Gorab
7210,Klhl42
7211,Trak2
7212,Jcad
7213,Tax1bp3
7214,Ndufaf8
7215,Vps33b
7216,Ecm2
7217,Cep290
7218,Klf11
7219,Uvssa
7220,Nova2
7221,Selenoo
7222,Gss
7223,Acsl5
7224,Tet3
7225,Saal1
7226,Rab11fip3
7227,Ccdc126
7228,Umad1
7229,Pgm3
7230,Zmat1
7231,Chchd5
7232,Irf1
7233,Plagl1
7234,Ncoa2
7235,Slc38a9
7236,Yod1
7237,Kifc3
7238,Recql5
7239,Pde7a
7240,Rundc3a
7241,Syvn1
7242,Prxl2c
7243,Snx21
7244,Slc35e4
7245,Noc2l
7246,Zfp790
7247,Casq1
7248,Katnal1
7249,Btbd9
7250,Efs
7251,Fbxl7
7252,Pnpla6
7253,2210408I21Rik
7254,Insyn1
7255,Mgme1
7256,Phactr4
7257,Zbtb8os
7258,Ccdc189
7259,Etaa1
7260,Mrps18c
7261,Smg8
7262,Lgr4
7263,Zfp646
7264,Slc9a3r2
7265,Satb1
7266,Cks1b
7267,Catip
7268,Mex3d
7269,Hace1
7270,Arap1
7271,B9d2
7272,Ppp1r18
7273,Ak9
7274,Ormdl1
7275,Sat2
7276,Rbbp8
7277,Mfsd4a
7278,Usp28
7279,Cpox
7280,Frmd6
7281,Atxn7l3
7282,Rhobtb2
7283,Tifa
7284,Snip1
7285,Zup1
7286,Rhod
7287,Lrrc75b
7288,Sema4b
7289,Gfm2
7290,Relb
7291,Gtpbp1
7292,Megf10
7293,Fhip1b
7294,Osbpl3
7295,Cep44
7296,Mrrf
7297,Dhfr
7298,Glis2
7299,Abcd2
7300,Pla2g5
7301,Cdca7
7302,Vwa3b
7303,Lrp2
7304,Poglut2
7305,Cdca4
7306,Plekha1
7307,Fzd1
7308,Per1
7309,Exo5
7310,Tnrc6c
7311,Ccp110
7312,Kif27
7313,Baz2a
7314,Mettl27
7315,Tmem138
7316,Kcnb1
7317,Dnal1
7318,Csf2ra
7319,Sac3d1
7320,Scyl3
7321,Adar
7322,Ranbp6
7323,Lbr
7324,Spty2d1
7325,Ciz1
7326,Pknox1
7327,Zfp236
7328,Ciao3
7329,Tmem164
7330,Rapgef6
7331,Znrf3
7332,Ubr1
7333,Bola2
7334,Gstt1
7335,Pfdn4
7336,Dnm3
7337,Asl
7338,Epb41l5
7339,Rab3ip
7340,Stk19
7341,Zfp14
7342,Pfdn2
7343,Sirt1
7344,Bach1
7345,Uap1l1
7346,Rnf126
7347,Slc27a4
7348,Cebpzos
7349,Nova1
7350,Atad2
7351,Pdik1l
7352,Msl2
7353,Kctd21
